/* standalone/image/halo_image_rsrc.c -- the data image piece `rsrc`, generated once by tools/gen_image_c.py from the former
   MASM source. 15360 dwords. Code pointers are relocations against halo_code_<address>, bound to the C functions by
   standalone/generated/image_bindings.c; the loader copies the piece to its original address. */


const unsigned int halo_image_rsrc[15360] = {
    [3] = 0x30000, 0x3, 0x80000028, 0xe, 0x800000f8, 0x10,
    0x80000118, [13] = 0x180000, 0x1, 0x80000130, 0x2, 0x80000148,
    0x3, 0x80000160, 0x4, 0x80000178, 0x5, 0x80000190,
    0x6, 0x800001a8, 0x7, 0x800001c0, 0x8, 0x800001d8,
    0x9, 0x800001f0, 0xa, 0x80000208, 0xb, 0x80000220,
    0xc, 0x80000238, 0xd, 0x80000250, 0xe, 0x80000268,
    0xf, 0x80000280, 0x10, 0x80000298, 0x11, 0x800002b0,
    0x12, 0x800002c8, 0x13, 0x800002e0, 0x14, 0x800002f8,
    0x15, 0x80000310, 0x16, 0x80000328, 0x17, 0x80000340,
    0x18, 0x80000358, [65] = 0x20000, 0x66, 0x80000370, 0x67,
    0x80000388, [73] = 0x10000, 0x1, 0x800003a0, [79] = 0x10000, 0x409,
    0x3b8, [85] = 0x10000, 0x409, 0x3c8, [91] = 0x10000, 0x409,
    0x3d8, [97] = 0x10000, 0x409, 0x3e8, [103] = 0x10000, 0x409,
    0x3f8, [109] = 0x10000, 0x409, 0x408, [115] = 0x10000, 0x409,
    0x418, [121] = 0x10000, 0x409, 0x428, [127] = 0x10000, 0x409,
    0x438, [133] = 0x10000, 0x409, 0x448, [139] = 0x10000, 0x409,
    0x458, [145] = 0x10000, 0x409, 0x468, [151] = 0x10000, 0x409,
    0x478, [157] = 0x10000, 0x409, 0x488, [163] = 0x10000, 0x409,
    0x498, [169] = 0x10000, 0x409, 0x4a8, [175] = 0x10000, 0x409,
    0x4b8, [181] = 0x10000, 0x409, 0x4c8, [187] = 0x10000, 0x409,
    0x4d8, [193] = 0x10000, 0x409, 0x4e8, [199] = 0x10000, 0x409,
    0x4f8, [205] = 0x10000, 0x409, 0x508, [211] = 0x10000, 0x409,
    0x518, [217] = 0x10000, 0x409, 0x528, [223] = 0x10000, 0x409,
    0x538, [229] = 0x10000, 0x409, 0x548, [235] = 0x10000, 0x409,
    0x558, 0x482850, 0x668, [242] = 0x482eb8, 0x2e8, [246] = 0x4831a0,
    0x1e8, [250] = 0x483388, 0x128, [254] = 0x4834b0, 0xea8, [258] = 0x484358,
    0x8a8, [262] = 0x484c00, 0x6c8, [266] = 0x4852c8, 0x568, [270] = 0x485830,
    0x25a8, [274] = 0x487dd8, 0x10a8, [278] = 0x488e80, 0x988, [282] = 0x489808,
    0x468, [286] = 0x489d20, 0x668, [290] = 0x48a388, 0x2e8, [294] = 0x48a670,
    0x1e8, [298] = 0x48a858, 0x128, [302] = 0x48a980, 0xea8, [306] = 0x48b828,
    0x8a8, [310] = 0x48c0d0, 0x6c8, [314] = 0x48c798, 0x568, [318] = 0x48cd00,
    0x25a8, [322] = 0x48f2a8, 0xca8, [326] = 0x48ff50, 0x988, [330] = 0x4908d8,
    0x468, [334] = 0x489c70, 0xae, [338] = 0x490d40, 0xae, [342] = 0x482570,
    0x2dc, [348] = 0x3402dc, 0x560000, 0x5f0053, 0x450056, 0x530052,
    0x4f0049, 0x5f004e, 0x4e0049, 0x4f0046, [358] = 0xfeef04bd, 0x10000,
    0x10000, 0xa026d, 0x10000, 0xa026d, 0x37, 0x21,
    0x4, [371] = 0x23c, 0x530001, 0x720074, 0x6e0069, 0x460067,
    0x6c0069, 0x490065, 0x66006e, 0x6f, 0x218, 0x300001,
    0x300034, 0x300039, 0x620034, 0x30, 0x16004c, 0x430001,
    0x6d006f, 0x610070, 0x79006e, 0x61004e, 0x65006d, [394] = 0x69004d,
    0x720063, 0x73006f, 0x66006f, 0x200074, 0x6f0043, 0x700072,
    0x72006f, 0x740061, 0x6f0069, 0x6e, 0x50032, 0x460001,
    0x6c0069, 0x440065, 0x730065, 0x720063, 0x700069, 0x690074,
    0x6e006f, [415] = 0x610048, 0x6f006c, [418] = 0xe003c, 0x460001, 0x6c0069,
    0x560065, 0x720065, 0x690073, 0x6e006f, [426] = 0x310030, 0x30002e,
    0x2e0030, 0x300031, 0x30002e, 0x320036, 0x31, 0x5002a,
    0x490001, 0x74006e, 0x720065, 0x61006e, 0x4e006c, 0x6d0061,
    0x65, 0x610048, 0x6f006c, [444] = 0x13004a, 0x4c0001, 0x670065,
    0x6c0061, 0x6f0043, 0x790070, 0x690072, 0x680067, 0x74,
    0x6f0043, 0x790070, 0x690072, 0x680067, 0x200074, 0x430028,
    0x200029, 0x300032, 0x340031, [463] = 0x9003a, 0x4f0001, 0x690072,
    0x690067, 0x61006e, 0x46006c, 0x6c0069, 0x6e0065, 0x6d0061,
    0x65, 0x610048, 0x6f006c, 0x65002e, 0x650078, [478] = 0x5002a,
    0x500001, 0x6f0072, 0x750064, 0x740063, 0x61004e, 0x65006d,
    [486] = 0x610048, 0x6f006c, [489] = 0xe0040, 0x500001, 0x6f0072, 0x750064,
    0x740063, 0x650056, 0x730072, 0x6f0069, 0x6e, 0x310030,
    0x30002e, 0x2e0030, 0x300031, 0x30002e, 0x320036, 0x31,
    0x20024, 0x530001, 0x650070, 0x690063, 0x6c0061, 0x750042,
    0x6c0069, 0x64, 0x30, 0x44, 0x560001, 0x720061,
    0x690046, 0x65006c, 0x6e0049, 0x6f0066, [522] = 0x40024, 0x540000,
    0x610072, 0x73006e, 0x61006c, 0x690074, 0x6e006f, [530] = 0x4b00409,
    [532] = 0x28, 0x30, 0x60, 0x40001, [537] = 0x480, [543] = 0x800000,
    0x8000, 0x808000, 0x80, 0x800080, 0x8080, 0x808080,
    0xc0c0c0, 0xff0000, 0xff00, 0xffff00, 0xff, 0xff00ff,
    0xffff, 0xffffff, 0x70340400, 0x77777770, 0x67777777, 0x4057,
    0x7000000, 0x88888878, 0x67612504, 0x77776307, 0x76757677, 0x7000040,
    [569] = 0x88888878, 0x73430307, 0x77871767, 0x41766587, [574] = 0x6007000, 0x8f888857,
    0x7676161, 0x87777017, 0x7786, 0x700000, [581] = 0xf8888877, 0x72173616,
    0x63027678, 0x6061, [586] = 0x4000000, 0x88888867, 0x77634361, 0x45808888,
    0x400, 0x70, [593] = 0x88888816, 0x88773416, 0x24778888, 0x1006,
    0x770000, 0x700000, 0x88888874, 0x88787763, 0x258888, 0x4000,
    [605] = 0x88887847, 0x88887770, 0x248788, 0x50023172, [610] = 0x7, 0x88877874,
    0x88888837, 0x12003688, 0x23377605, 0x3, [617] = 0x87781876, 0x8b888867,
    0x5070087, 0x70777728, 0x527270, 0x700000, 0x87887856, 0x88888888,
    0x72304072, 0x73378878, 0x70070743, 0x2000000, 0x68887875, 0x88b88888,
    0x65730482, 0x77778788, 0x70377736, 0x77004002, 0x78887876, 0x88878887,
    0x57724370, 0x77b88888, 0x77787771, 0x77770000, 0x27770640, 0x7788b888,
    0x28710620, 0x877888ff, 0x877f2520, 0x60654773, 0x76208777, 0x82877878,
    0x78703704, 0x88b7888f, 0x878f1734, 0x17043077, 0x37778888, 0x86878777,
    0x8f727714, 0xf88887f8, 0x72782287, 0x78077777, 0x77778888, 0x30787772,
    0x87387720, 0x88777377, 0x2777878f, 0x8f07838f, 0x77778788, 0x60876373,
    0x34778873, 0x3203432, 0x77877877, 0x7823878f, 0xe7202088, 0x20877770,
    0x13377702, 0x30100305, 0x83780700, 0x27008777, 0x82, 0x1827777,
    0x777b8761, 0x53007031, 0x88170371, 0x47737373, [684] = 0x40727776, 0x798b7307,
    0x37123773, 0x38301713, 0x20377f7, [690] = 0x3347877, 0xb8888808, 0xb9359838,
    0x17357383, 0x17243388, [696] = 0x4007677, 0xfbf87828, 0x88798b8b, 0x137bb7b7,
    0x6003847f, [703] = 0x87ff8877, 0xb7b88878, 0x37877b98, 0x8307f737, [709] = 0x39f38877,
    0x518bb888, 0x798b8933, 0x70278837, [715] = 0x77878b77, 0x3188f88f, 0xb7897361,
    0x717735, [721] = 0x1717f777, 0x37f8ff8f, 0x79381713, 0x767831, [727] = 0x63108377,
    0xb5ffff8f, 0xb7373135, 0x773737, [733] = 0x5038368, 0x818fb878, 0x79717060,
    0x7067537b, [739] = 0x12047117, 0x87383139, 0x37134303, 0x613197b7, [745] = 0x1003027,
    0x30111034, 0x11040601, 0x27717b7b, [750] = 0x78070000, 0x437777, 0x65000000,
    0x301066, 0x7707979, [756] = 0xf8070000, 0x60877887, 0x88040200, 0x77778888,
    0x7347303, [762] = 0x87070000, 0x708f4877, 0x78705002, 0x87887787, 0x7011187,
    [768] = 0x77040000, 0x40777674, 0x77000670, 0x78767676, 0x7606778, [774] = 0x47000000,
    0x88670165, 0x77777787, 0x47577470, 0x47775776, [781] = 0x88786770, 0x77777788,
    0x34247387, 0x77767474, [787] = 0xf8887747, 0xb7777788, 0x6777878, 0x70774052,
    [793] = 0x888f8707, 0x777788f8, 0x87778778, 0x40377000, [799] = 0x888f8800, 0x88888888,
    0x37888878, 0x477387, [805] = 0x888f8800, 0x88888888, 0x878878b8, 0x302777,
    [811] = 0x888b7800, 0x888bf888, 0x88888888, 0x2577, [817] = 0x88770000, 0x88888888,
    0x88888b88, 0x7083, [823] = 0x77020000, 0x8888bf88, 0x8787788b, 0x2077,
    [830] = 0x8b888837, 0x87778887, 0x77, [836] = 0x78736700, 0x77737877, 0x60,
    [842] = 0x67070000, 0x2767, [883] = 0x1400, [885] = 0x3f00, [887] = 0xff00, [889] = 0xff00,
    0x2, 0xff00, 0xe, 0xff01, 0xff, 0xff00,
    0xff, 0xff01, 0xff, 0xff03, 0xff, 0xff03,
    0xff, 0xff03, 0xff, 0xff01, 0xff, 0xff00,
    0xff, 0xff00, 0xf8, 0xff00, 0xf8, 0xff00,
    0xf8, 0xff00, 0xf8, 0xff00, 0xfc, 0xff00,
    0xff, 0xff00, 0xff, 0xff01, 0x80ff, 0xff01,
    0xc0ff, 0xff03, 0xc0ff, 0xff07, 0xc0ff, 0xff0f,
    0xf0ff, 0xff1f, 0xf8ff, 0xff1f, 0xffff, 0xff3f,
    0xc0ffff, 0xff7f, 0xff8ffff, 0xffff, 0x28, 0x20,
    0x40, 0x40001, [947] = 0x200, [953] = 0x800000, 0x8000, 0x808000,
    0x80, 0x800080, 0x8080, 0x808080, 0xc0c0c0, 0xff0000,
    0xff00, 0xffff00, 0xff, 0xff00ff, 0xffff, 0xffffff,
    0x27656100, 0x76777777, 0x4004052, 0x88887700, 0x57720707, 0x50767777,
    0x40430000, 0x88886700, 0x72436361, 0x6617777, 0x404, 0xf8885760,
    0x88771716, 0x5406070, 0x40600070, 0x88880700, 0x88886763, 0x60200174,
    0x7740000, 0x88784600, 0x87887877, 0x16100620, 0x70000, 0x88781670,
    0x72888837, 0x25773514, 0x70004221, 0x87780700, 0x24888878, 0x73876721,
    0x50002543, 0x87787440, 0x21878888, 0x77877872, 0x727737, 0x77787225,
    0x4b77888, 0x878b8f71, 0x7777825, 0x63725756, 0x63608878, 0x88878f76,
    0x72777870, 0x77887807, 0x57727873, 0x88778778, 0x87387788, 0x77878818,
    0x38207772, 0x21210333, 0x87777827, 0x208722, 0x67037777, 0x7103577,
    0x77873710, 0x7234, 0x77007677, 0x7373738b, 0x73781373, 0x21,
    0x88076077, 0x7b898b88, 0x87177377, 0x7, 0x78000100, 0x898b78fb,
    0x87738b7b, 0x6037, 0x78070400, 0x73887885, 0x78939817, 0x70,
    0x8b060000, 0x83ff7f13, 0x17b73753, 0x76, 0x87010400, 0xf3883804,
    0x73797170, 0x75, 0x73240000, 0x77133301, 0xb7382101, 0x5032,
    0x75770500, 0x12000400, 0x97035052, 0x7030, 0x77870700, 0x78000087,
    0x71778787, 0x6050, 0x67770600, 0x7070777, 0x77877776, 0x5020,
    0x6070000, 0x77778778, 0x65474777, 0x3076, 0x37000000, 0x77778888,
    0x4477377, 0x77, 0x78000000, 0x7888888f, 0x21778788, 0x61,
    0x38000000, 0x88888888, 0x77778878, 0x20, 0x7000000, 0x88888888,
    0x368888b8, [1085] = 0x88888827, 0x70877888, [1089] = 0xb8880000, 0x37b677, [1108] = 0x7000000,
    0xf000008, 0x3f00000c, 0x3f000018, 0x1f0000ec, 0x7f0000e8, 0x3f0000f8,
    0x3f0000e8, 0x1f0000f0, 0x1f0000e0, 0x1f0000e0, 0x1f0000e0, 0x1f0000f8,
    0x3f0000fc, 0x3f0000fc, 0x7f0000fc, 0xff0000fe, 0xff0100ff, 0xff03f0ff,
    0xffffffff, 0x28, 0x18, 0x30, 0x40001, [1133] = 0x120,
    [1139] = 0x800000, 0x8000, 0x808000, 0x80, 0x800080, 0x8080,
    0x808080, 0xc0c0c0, 0xff0000, 0xff00, 0xffff00, 0xff,
    0xff00ff, 0xffff, 0xffffff, 0x77373404, 0x4407777, 0x88780400,
    0x77702725, 0x25076, 0x88780360, 0x67787761, 0x52500204, 0x8f684010,
    0x34887836, 0x4000502, 0x88580000, 0x878877, 0x2335, 0x78674070,
    0x7728878, 0x20077778, 0x87770004, 0x37348888, 0x77377787, 0x87477700,
    0x37248787, 0x87078888, 0x27784373, 0x78078377, 0x77878887, 0x77882887,
    0x36487237, 0x87070312, 0x7720778, 0x83377077, 0x8530337, 0x47273,
    0x88780077, 0x333798b7, 0x787, 0x83784002, 0xb738b788, 0x3778,
    0x37780000, 0x971783ff, 0x7037, 0x11784000, 0x3317f788, 0x7097,
    0x2710200, 0x61013731, 0x7383, 0x70775702, 0x71770700, 0x1433,
    0x84766800, 0x78770716, 0x4377, 0x78520000, 0x47767887, 0x7665,
    0x88280000, 0x73787788, 0x7040, 0x8f080000, 0x87888888, 0x6073,
    0x78070000, 0x88b88888, 0x77, 0x3000000, 0x77878878, 0x70,
    [1224] = 0x76777707, [1236] = 0xb0010, 0xf0030, 0xf0090, 0x1f00f0, 0x1f00d0,
    0xf00c0, 0xf0080, 0xf00c0, 0xf00f0, 0x1f00f0, 0x1f00f8,
    0x3f00f8, 0x7f00fe, 0xff80ff, 0x28, 0x10, 0x20,
    0x40001, [1255] = 0x80, [1261] = 0x800000, 0x8000, 0x808000, 0x80,
    0x800080, 0x8080, 0x808080, 0xc0c0c0, 0xff0000, 0xff00,
    0xffff00, 0xff, 0xff00ff, 0xffff, 0xffffff, 0x76770707,
    0x88074000, 0x1767763, 0x88063040, 0x52008857, 0x88414000, 0x73578278,
    0x78060043, 0x87777288, 0x77777037, 0x78783778, 0x87777777, 0x12320737,
    0x6077877, 0x73870876, 0x207737, 0x878b4800, 0x70389b, 0x88180800,
    0x507335, 0x17013700, 0x341703, 0x27708700, 0x37777, 0x77880600,
    0x744777, 0x88880700, 0x407378, 0x88780700, 0x8288, 0x78070000,
    0x7677, [1314] = 0x220, 0x720, 0x7c0, 0x7e0, 0x3c0,
    0x3c0, 0x3e0, 0x7e0, 0xfe0, 0xff8, 0x28,
    0x30, 0x60, 0x80001, [1329] = 0x900, [1332] = 0x100, 0x100,
    [1335] = 0x10207, 0x30403, 0x20407, 0x40205, 0x60502, 0x3030b,
    0x6080e, 0x90704, 0xf0703, 0x90a07, 0x20312, 0x70913,
    0x70c18, 0x50d1f, 0xa0c10, 0xb0c14, 0xa0c18, 0xa0f1c,
    0xe1209, 0xf111c, 0x160c03, 0x191407, 0x131211, 0x15181d,
    0x1a1e12, 0x81021, 0xe1221, 0xc1325, 0x121525, 0x14142f,
    0x141826, 0x101828, 0x15182a, 0x171c2e, 0x1c1e34, 0x1f201d,
    0x1c212f, 0x26150c, 0x212817, 0x29311b, 0x3d210e, 0x312217,
    0x323a1f, 0x212626, 0x2c2a23, 0x2a2e2f, 0x212433, 0x22223a,
    0x242b35, 0x24283c, 0x292c3c, 0x2d342b, 0x2e3338, 0x313726,
    0x363c33, 0x2a2c45, 0x2f3345, 0x343947, 0x353853, 0x3e3f5f,
    0x3b432a, 0x3b483e, 0x3d424e, 0x402d1f, 0x523218, 0x5d391c,
    0x4e3727, 0x5d3b24, 0x414d2c, 0x414236, 0x454e35, 0x4c583a,
    0x5f432a, 0x534336, 0x58643d, 0x774819, 0x64492f, 0x6e4b28,
    0x7d4d25, 0x784f2f, 0x434b45, 0x444853, 0x495546, 0x4f5b40,
    0x4b5455, 0x505849, 0x5f5348, 0x555f56, 0x45476d, 0x4a4e62,
    0x4f5569, 0x4e5372, 0x535c60, 0x565b7e, 0x58634b, 0x5d6a5d,
    0x58646b, 0x665b58, 0x785b45, 0x646d4d, 0x616b55, 0x687851,
    0x69785d, 0x747f54, 0x707e5d, 0x656862, 0x626a79, 0x65746c,
    0x6b7979, 0x727765, 0x717a79, 0x49649d, 0x506eb4, 0x616485,
    0x697194, 0x647dab, 0x5273cb, 0x4d75f3, 0x4e77fa, 0x4e77fc,
    0x5177e7, 0x5077f0, 0x738069, 0x7b8865, 0x778479, 0x7c9079,
    0x78808e, 0x7a8f88, 0x7e979a, 0x6880bd, 0x854817, 0x845631,
    0x945b28, 0x9b6534, 0xaf6e31, 0xbe7b39, 0x937755, 0xbd7c43,
    0x828a6a, 0x858b7a, 0x85956a, 0x89977c, 0x8f9c74, 0x9f8576,
    0x97a776, 0x90a278, 0xb88a56, 0xc6833c, 0xc6894a, 0xcd8b4f,
    0xd18c47, 0xda944a, 0xd79952, 0xcc9e6f, 0xdfa058, 0xd5a66e,
    0xe09d52, 0xeaa556, 0xf4b563, 0xfec675, 0x828b9c, 0x849888,
    0x8f9a91, 0x949a85, 0x909aaa, 0x8fa280, 0x8aa38f, 0x91a38f,
    0x97a88b, 0x98ab84, 0x9eaa8e, 0x92a697, 0x97ab94, 0x97aa9f,
    0x9ea692, 0x9da59d, 0x9daf92, 0x9ca8af, 0x9bb1a1, 0xae9987,
    0xa7aa9a, 0xa2b182, 0xaab98a, 0xa2b598, 0xa9bb9c, 0xb0ba95,
    0xbeb09f, 0xa1aabd, 0xa7b7a3, 0xa9b2ac, 0xaab7b6, 0xb4b9a6,
    0xb5bcaf, 0xb2bfc4, 0xb3c397, 0xacc0a2, 0xaec2aa, 0xaec3b8,
    0xb3c4a3, 0xb5c7a6, 0xb7caab, 0xbcc9a3, 0xbecea7, 0xb7c4bb,
    0xb9cdb1, 0xbbd2bd, 0xbac9c4, 0xbfcec2, 0xb9c5d4, 0xdfbc95,
    0xc2c6b9, 0xc2d0ae, 0xc4d3aa, 0xc0d2b7, 0xc2d6bb, 0xc7d9be,
    0xc9d7b1, 0xc8d4b5, 0xcdd9b9, 0xddc2a9, 0xdac9bb, 0xd1deb9,
    0xffd389, 0xffdd9e, 0xfadab5, 0xffe8b1, 0xc9cdc1, 0xc4c9d7,
    0xc0d4c6, 0xc6d7c6, 0xc2d1c9, 0xcdd3c0, 0xcaddc2, 0xc9d8cd,
    0xc5d4d0, 0xccdcd3, 0xd0d4cc, 0xd9d6d0, 0xd5dae8, 0xd6e2c4,
    0xdbe4cd, 0xd0e0d8, 0xdbe3dd, 0xf1dbc6, 0xffebc3, 0xf9f0d6,
    0xe6eae2, 0xedefeb, 0xfef6e1, 0xf1f6f7, 0xfffef9, [1590] = 0x391b1b14,
    0x3f3c523e, 0x8d65393b, 0x7e67688d, 0x80616c80, 0x5e5c7280, 0x2f3b5e5e,
    0x1b121421, 0x23231f21, 0x3c380f1b, 0xcfcfcf6b, 0xebcfebeb, 0x3a2f1b12,
    0x58523f3b, 0x8d583553, 0x80807e8f, 0x61806d81, 0x5e735e5c, 0x1b0b143a,
    0x32231e21, 0x1e120f21, 0x3b140f21, 0xcfd0c25c, 0xebcfebeb, 0x3e3e3125,
    0x5f605351, 0x5d377c54, 0xa7a2a7b3, 0x5c5caeae, 0x14397273, 0xb0f0101,
    0x21140707, 0x1b0b1b22, 0x38071221, 0xcee5b23c, 0xe5e5cfcc, 0x3e3e3e3e,
    0x3e5f5f53, 0x2160b14b, 0xb3ac8061, 0x5e5c6bb3, 0xf121d3f, 0x21302111,
    0x121b1e21, 0x1b14211e, 0x30010d12, 0xc6e5a13c, 0xcef2ebbf, 0x533e3e3e,
    0x545f6653, 0x55acc38d, 0x5d3f2f25, 0x233b3b5a, 0x1d11121e, 0x212f3938,
    0x1f353332, 0x121b211f, 0x1d010d0d, 0xc1cc733b, 0xe5ecf2cf, 0x3e3e3e3e,
    0xaa7c6953, 0xd7e9d6c9, 0x3b1e39b3, 0x1e211b23, 0x3f230712, 0x1071d38,
    0x333f2c11, 0xf110711, 0x14070d0d, 0xd0c65c3b, 0xe5eceae5, 0x5353533e,
    0xd9c9a665, 0xc9cdd6d8, 0x383c3ca3, 0x12231412, 0x393a1f0f, 0x1010714,
    0x3b390f01, 0x1107111d, 0x11121211, 0xe5be3c3b, 0xceeae6e5, 0x605f5f51,
    0xd6e9c9b1, 0xc4d8d7d6, 0x11233b52, 0x11182f1e, 0x172e3517, 0x101010f,
    0x38140101, 0x110f1d31, 0xf1d1f1e, 0xe5a15938, 0xcecfbfc6, 0xad7e5f56,
    0xd6d7c9c9, 0x6dced6c9, 0x14072138, 0x2b3d362c, 0x2d3d2b28, 0x1010819,
    0x25010101, 0x11111d39, 0x71d1f1b, 0xcf6d593b, 0xcdc5acb3, 0xd8c56c53,
    0xc9cdd6d8, 0x306fd6c9, 0x19241121, 0x48696219, 0x284b4845, 0x19272819,
    0x14010113, 0x141f2333, 0x107121b, 0xc63c593c, 0xa9ecb3a7, 0xd6d7ad58,
    0xc8c9cdd6, 0x1f236fc4, 0x283d360f, 0xa4b5af53, 0x46686668, 0x362b2b2b,
    0x11172827, 0x1e25252f, 0x1010f21, 0xce5d3c59, 0x7bbde5c5, 0xc9d6d6b1,
    0xd7e9cbc8, 0x141b31b3, 0x3d473d3d, 0xbac0e3a4, 0x5f8b688d, 0x5f3d3d47,
    0x7464b46, 0x211f2523, 0x2f01011d, 0xe5a25a72, 0xa87ecece, 0xc8c8c8c8,
    0xd4c9c8c8, 0x2c1e32ae, 0x625f485f, 0xb6c1c1be, 0x6e918f91, 0x62645f57,
    0x197baf48, 0x1b1d141d, 0xa15c1101, 0xceb3525e, 0xcfa8cece, 0xc8c4c8c8,
    0xc8c4c8c8, 0x2f1b30a2, 0xa4515f7b, 0xbae8d3ed, 0x8cb5b6b6, 0x7d6a4854,
    0x48afe37d, 0x140f072e, 0x72a17233, 0x3f2f2138, 0x6055806d, 0xc7c4c7b9,
    0xa9c8c9c8, 0x531e1e2f, 0xd33d3d7c, 0xbaf1f7f8, 0xa4bbb7b6, 0x57463746,
    0x8ebef7be, 0x5a143d7c, 0x323f5b5e, 0x61a7ac5d, 0x60341f35, 0xc7c4c4a8,
    0x52c4c4c8, 0x8e311d0b, 0xed51138e, 0xc3eef8f3, 0xc0e8bbb7, 0x7d2e1746,
    0x7bbefaed, 0x35567b69, 0x6d382f31, 0xcee9e9c5, 0x926056ae, 0xb9a9a27d,
    0x3aacc4b9, 0x8f5f2532, 0xf8cc4767, 0xb6d3f7f8, 0xf7f7eecb, 0x36378bed,
    0x626ecfa3, 0x53a4a67b, 0xe9b33f25, 0xc4c9d6d7, 0x929192b1, 0x7d60606c,
    0xd7dc4b8, 0x91912b34, 0xafe3d467, 0x5f6ca2a3, 0xc1b0a47b, 0x8ce8f3ed,
    0x8c476e6e, 0x64baf6f3, 0xf0e97b27, 0x7ec9cde9, 0x81817b67, 0x65484860,
    0x2f35b8ad, 0xc3b73d27, 0x373e6c8e, 0x2e462e2d, 0x462a1724, 0xe38c6a57,
    0x65678ec0, 0x8bcbf6e8, 0xe9683d28, 0xa65dbdd7, [1818] = 0x7e5f5360, 0x271ba2c4,
    0xb6914727, 0x49504d65, 0x43434043, 0x44292640, 0x562d262a, 0x6ec1edb5,
    0x91bbba7c, 0xaa2b2b2a, 0x3fb3, [1830] = 0xb867606d, 0x270d55c4, 0x7ba93d2b,
    0x868a9e93, 0x4149414e, 0x84421526, 0x41402a44, 0xedd35640, 0x6891688c,
    0x6028453d, 0xa631, [1842] = 0xa47d6d6c, 0x28002fa8, 0x89ad6727, 0x959b9fdf,
    0x86875086, 0x86842926, 0x4f424f86, 0xed46294c, 0x66686ef7, 0x313d452b,
    [1854] = 0xada87d6f, 0x27000d55, 0xd2afaf27, 0x9ea0dfe0, 0x999d9796, 0x97988584,
    0x8786878a, 0x57418587, 0x4b64eeee, 0x5128282b, [1866] = 0x5d6c7475, 0x1800001a,
    0xe1bbbe36, 0xa0e2f6f6, 0xa09f9f9f, 0x9fa0959b, 0x9b999b9e, 0x83859498,
    0x3dc1fa8b, 0x37482b19, 0xa6, [1878] = 0x1b217a00, [1880] = 0xf6bba353, 0x9cd2f6fb,
    0xe0e0df9f, 0x9395999f, 0x9f9f9f96, 0x88949ea0, 0x6af7b04e, 0x55c36913,
    [1892] = 0xf6d27d52, 0x6363b4fa, 0xe0e2f59a, 0x43509ba0, 0x9e9b8644, 0x88989f9f,
    0xbde4624c, 0xf36c7c45, [1904] = 0xe0e18c5d, 0x626261b4, 0xe2f9fbdc, 0x4386dfe0,
    0x96634443, 0x87979e9d, 0xb0a34a85, 0x3f7e, [1916] = 0x9bf5b55d, 0x626a5741,
    0xfbfbfbee, 0x4493e2f9, 0x504d4e44, 0x85989b95, 0xb06f4285, 0x55ac,
    [1928] = 0x89f4bb5d, 0x624a4026, 0xfbfbfbee, 0x4d9af9fb, 0x44494d4a, 0x879d9750,
    0x6c4e8785, 0xa680a2, [1940] = 0x4adcbb37, 0x432a2a2a, 0xd2d2d29a, 0x57ddf8f4,
    0x4a4a4a4a, 0x88975043, 0x44879894, 0x557b51, [1952] = 0x2a90b42d, 0x2a2d2a26,
    0x83838785, 0x52d3d285, 0x46464646, 0x874e404a, 0x96949e9e, 0x33583563,
    [1963] = 0x1d1a0000, 0x84a6e27, 0x26261515, 0x2a294343, 0x24574226, 0x2d2a2a19,
    0x4e2a2a2d, 0x97949e97, 0x6a284693, 0x21, [1975] = 0xa1a13b00, 0x616f7f7f,
    0x17081735, 0x1011316, 0x51371701, 0x2e353a3f, 0x1616242d, 0x87889550,
    0x6a133686, 0x32, [1987] = 0xc2ef7f00, 0xd1a5a1bc, 0x1351a5d1, 0x13130101,
    0xcfbf2e01, 0xb2a5bfc2, 0x3a6b7fa5, 0x4f85492d, 0x5801244e, 0x2f,
    [1999] = 0xa5e47f00, 0xa15a617f, 0x15defe4, 0x2e242417, 0xd1a1142e, 0xa5a1a5b2,
    0xbcbcbcb2, 0x414a5ea5, 0x55011940, 0x21, [2011] = 0xa1a13200, 0x553f5a6b,
    0x2c3fa56b, 0x342c3435, 0xa1352c2e, 0x615b5b61, 0xa57f736d, 0x7273bcbc,
    0x55012452, 0x25, [2023] = 0x5c2f0000, 0x3939525b, 0xc6bf7d52, 0x5d5580b2,
    0xa78e8f8d, 0x3f55526c, 0x735b555a, 0x735e727f, 0x613a5e73, 0x20,
    [2035] = 0x22a60000, 0x52313952, 0xecf2ebae, 0x7ea2c6cf, 0x9292917e, 0x608fa6aa,
    0x5a3a3a3e, 0x3c3b3f5b, 0x5d7f5e3c, [2048] = 0xa96e5d3a, 0xecf2eacd, 0xa2ace5eb,
    0x92927e6c, 0xa6aab892, 0x3135588e, 0x32233939, 0x21806752, 0xa6,
    [2060] = 0xc3d45d00, 0xe9e5f7d9, 0xc5e5ecec, 0x927ea7a7, 0xb8cec592, 0x61a2a6a6,
    0x473a2131, 0xa6528b4b, [2072] = 0xd4cb3100, 0xccf3f8f1, 0xd4c9cecf, 0xb8c4c8d4,
    0xe5cfadb1, 0xb8a6a9c6, 0x486958a2, 0xa66c48, [2084] = 0xdeaba600, 0xd6f0f0f0,
    0xd4d9f1f0, 0xcbd5d5d4, 0xe5b3c3cb, 0x92b8e5f3, 0x4854a7ad, 0xa658,
    [2096] = 0xc855a600, 0xd9d4cbcb, 0xf0f1f0d9, 0xcbd4d9d9, 0xcbcbcbcb, 0xb8ecf2cd,
    0x604569aa, 0x21, [2108] = 0xa6000000, 0xf0d5ab60, 0xf1dbd9db, 0xd4dbdef0,
    0xcbcbd4cb, 0xe9eccdc8, 0x214867c4, [2121] = 0x8e55a6a6, 0xded4d4d4, 0xd5d9dede,
    0xc3c3cbcb, 0xb8aaa6c3, 0xa62f8e92, [2133] = 0xa6a60000, 0xd5c37b3a, 0xcbd5d5d4,
    0x8f91b7c3, 0x69678daa, 0xa65d7c, [2146] = 0x73750000, 0xaa918d7b, 0x928f9191,
    0x5b5f668d, 0x7671, [2159] = 0x70707579, 0x58555d5e, 0x7675827f, [2203] = 0xf00,
    [2205] = 0x3f00, [2207] = 0x3f00, 0x2, 0xff00, 0x2, 0xff00,
    0x6, 0x7f00, 0x8f, 0xff00, 0xff, 0xff00,
    0xff, 0xff03, 0xff, 0xff03, 0xff, 0xff01,
    0xff, 0xff01, 0xff, 0xff00, 0xfc, 0x7f00,
    0xf8, 0x7f00, 0xf8, 0x7f00, 0xf8, 0x7f00,
    0xf8, 0x7f00, 0xfc, 0x7f00, 0xfc, 0xff00,
    0xff, 0x7f00, 0x80ff, 0xff00, 0x80ff, 0xff01,
    0x80ff, 0xff03, 0x80ff, 0xff07, 0xe0ff, 0xff0f,
    0xf0ff, 0xff0f, 0xfcff, 0xff1f, 0xc0ffff, 0xff3f,
    0xf0ffff, 0xffff, 0x28, 0x20, 0x40, 0x80001,
    [2267] = 0x400, [2270] = 0x100, 0x100, 0x50506, 0x50c1d, 0xf110c,
    0xc111d, 0x150d07, 0x16160b, 0x131619, 0x80e20, 0xb1223,
    0x111423, 0x121528, 0x151824, 0x141a29, 0x1b1f27, 0x181b2c,
    0x1a1d33, 0x1d2215, 0x1e2128, 0x1b2331, 0x27190c, 0x221b15,
    0x23271a, 0x2a301b, 0x362519, 0x262928, 0x242938, 0x2d3322,
    0x27303b, 0x2c3335, 0x2a323b, 0x362d23, 0x302e30, 0x363928,
    0x343838, 0x1d3068, 0x272840, 0x292c44, 0x2c2f48, 0x2d3244,
    0x313543, 0x343c43, 0x363a4b, 0x373a53, 0x25376c, 0x2a3c74,
    0x3b432a, 0x3b483e, 0x3c4345, 0x3b434b, 0x3c4453, 0x3e4062,
    0x452c1a, 0x53371e, 0x453526, 0x593d28, 0x6a3d17, 0x41492e,
    0x444839, 0x48513c, 0x5f412a, 0x564433, 0x505b3c, 0x6d401c,
    0x684527, 0x674d3d, 0x764b25, 0x7b522d, 0x795837, 0x434e44,
    0x424b4a, 0x484b40, 0x484f4f, 0x414557, 0x444c54, 0x464b5f,
    0x4c5644, 0x4b5257, 0x565343, 0x505b45, 0x565f4e, 0x5b544b,
    0x585946, 0x51545a, 0x525b52, 0x515d5d, 0x5d5e53, 0x5a5c5c,
    0x414366, 0x454965, 0x4b4e6a, 0x4c516a, 0x555967, 0x515571,
    0x545876, 0x555a7c, 0x5a6549, 0x576255, 0x566058, 0x5f6055,
    0x5a675a, 0x5e6a55, 0x5c6868, 0x596274, 0x6f5944, 0x606b4c,
    0x646857, 0x66734c, 0x66725a, 0x7e6754, 0x747f58, 0x616d63,
    0x626976, 0x6c786a, 0x677375, 0x6a7474, 0x69737d, 0x6a7974,
    0x6c7d7b, 0x716a63, 0x737965, 0x707778, 0x2d4799, 0x3f5383,
    0x5a5e80, 0x5b6280, 0x586d92, 0x516cac, 0x656c84, 0x6b7482,
    0x627a93, 0x727c88, 0x617aa5, 0x4e70d8, 0x5a78c6, 0x4d76fb,
    0x5175e5, 0x748264, 0x75836b, 0x788267, 0x78856c, 0x788678,
    0x7f9178, 0x6e8091, 0x788983, 0x7b8396, 0x7b9083, 0x8a5729,
    0x825732, 0x975d28, 0x9d6636, 0xa86f3a, 0xb97939, 0x8c6440,
    0x9c7044, 0x8b7664, 0x917b66, 0xad7540, 0xb77e46, 0x838b77,
    0x829269, 0x8b966b, 0x889775, 0x92866a, 0x938372, 0x909c74,
    0x97a57b, 0xa68151, 0xa99678, 0xc7843e, 0xc98947, 0xda964d,
    0xd69854, 0xc69762, 0xd2a061, 0xd7ae7b, 0xe8a85b, 0xeeb163,
    0xf2b363, 0xf9c67a, 0x8b8680, 0x838c9b, 0x859587, 0x8a9c95,
    0x969b8a, 0x8b94a3, 0x929ba9, 0x8da086, 0x92a485, 0x92a48b,
    0x96a883, 0x98a189, 0x99ac8a, 0x97a796, 0x9eb198, 0x94a6a2,
    0x96a1ac, 0x98a4aa, 0x9aaca3, 0x98a2b2, 0x9fb6a3, 0xa5a089,
    0xa5a99b, 0xa8b58a, 0xa8b899, 0xb0bf96, 0xa5aaa1, 0xa7b7a3,
    0xa8b7b3, 0xb4bcaa, 0xb5beb4, 0xb2bdc6, 0xaec09d, 0xb3c39b,
    0xadc1a7, 0xafc3b4, 0xb7c9a7, 0xb7c9b7, 0xbfd2b7, 0xbdccc3,
    0xbdd1c1, 0xc8ae90, 0xc8bba7, 0xc3cbaa, 0xc5c8ba, 0xc3d2ac,
    0xc5d5b7, 0xdcc4a5, 0xd2daba, 0xf9cc87, 0xfeda99, 0xe5caa4,
    0xe9d2b6, 0xfcdea7, 0xc5cbc3, 0xc0cfc9, 0xc9cfc4, 0xcfcfc8,
    0xc1c9d5, 0xc2d3c4, 0xc3d3c9, 0xc6d8cc, 0xced2cb, 0xceddc4,
    0xcadad2, 0xd7dfca, 0xd2dad6, 0xd8e2c9, 0xdae0d7, 0xe9dcc2,
    0xe8dfd0, 0xf1dfcc, 0xf8e7c5, 0xe7ebe5, 0xf1ede4, 0xf8f5ec,
    0xfffef9, 0x30280903, 0x8a303048, 0x7591889f, 0x5e7b7574, 0x90e2558,
    0xe090c09, 0xc4580e03, 0xeaeaefda, 0x452f1c0e, 0x604f4e61, 0xb6b6b5bc,
    0x255e7c66, 0x3010003, 0x3030f09, 0xb4290109, 0xefdadadb, 0x5f442e2e,
    0x30bd4f4e, 0x6fb57554, 0x1032a58, 0xf0e190e, 0x309090b, 0x7f230003,
    0xeff3d6d8, 0x64442e2e, 0xced7bf88, 0x192a1965, 0x1903090f, 0x11010923,
    0x1030927, 0x590f0000, 0xeff3dad2, 0xba644e44, 0xd7d9e1e0, 0x90e2a6f,
    0x1918010a, 0x2, 0x1191b, 0x320e070e, 0xdbead9cf, 0xd7bc6b4e,
    0xc0d9d9d9, 0x18030924, 0x1820151a, 0x2, 0x1091901, 0x32090909,
    0xd8c7cfb6, 0xd9d9c763, 0x27b5d7d7, 0x55151509, 0x383d5f88, 0x2101515,
    0xb0e1102, 0x57090009, 0xc1d6c773, 0xe0e0d8bc, 0x927d5d9, 0xc93a381a,
    0x686da0cb, 0x38382d38, 0xe0e0b11, 0x59240003, 0xb5d5dbb6, 0xd7d5d7d7,
    0xd0fc7d5, 0xd1b34e4f, 0x9ea5cad0, 0xb769684d, 0x303116b, 0x317f590b,
    0xc0c0c58f, 0xd7d7d3d3, 0x1c0f65d3, 0xf7df386b, 0xc8cacae1, 0xdf784639,
    0x1b156bb7, 0x65485b59, 0x53284c65, 0xd3d5c1bc, 0x70180eb5, 0xfcf75364,
    0xdfdfcadf, 0xf58c2060, 0x468977b5, 0xd9c24919, 0xa16bced9, 0xcebb7474,
    0xa0461965, 0xced1d08b, 0xdfd09e9e, 0xb377c9eb, 0x77dec964, 0xd9f2c121,
    0xb58d8dd3, 0xc18c3d60, 0xca681018, 0x1f354d88, 0x35131835, 0xc9c9563c,
    0xa5e3be8b, 0xb6e03d1e, 0xbc, 0x8cc1646e, 0xa1681603, 0x34429ca6,
    0x3e131736, 0x773c1735, 0xa0a0b7d1, 0x1d6b1a20, [2640] = 0x28ba8c74, 0xa7a11506,
    0x95a9b0e4, 0x96413e97, 0x37924195, 0x6aa3ec62, 0x122d2d, [2648] = 0xd1548283,
    0xe2c71600, 0xafb0e8fb, 0xafa9abb0, 0x97a9a9aa, 0x68f1a241, 0x1a2d15,
    [2657] = 0xf8b72800, 0xe4acdcfd, 0x99a9b2e8, 0xb1b1af9d, 0xc0cd94a8, 0xbca138,
    [2665] = 0xe8c82800, 0xfa9a76c9, 0x3bade5fb, 0xafaa983b, 0xcd7694a9, 0x2863,
    [2673] = 0xaedd3000, 0xfeb35035, 0x93e6ffff, 0xa9933f3b, 0x9e4394a9, 0x1b8f,
    [2681] = 0x9bdd1c00, 0xe26c1717, 0x9af9fae7, 0x933c3c3c, 0x439797a8, 0x4c6e,
    [2688] = 0xbc000000, 0x35a30dbc, 0x92331413, 0x56a73e37, 0x35352020, 0xa9aaa93f,
    0xbc2e67, [2696] = 0x12000000, 0x47786566, 0x14140414, 0x211e0404, 0x15181f27,
    0x97a94213, 0x4c1593, [2704] = 0x5a000000, 0xc682c6ed, 0x40073d2, 0xd24c0202,
    0xb8c4b9cf, 0x41405280, 0x300435, [2712] = 0x26000000, 0x5b5a82b9, 0x180b6fb9,
    0x901c1c18, 0x90826f73, 0x5b90c6b8, 0x280421, [2721] = 0x27285819, 0xc2d8cf78,
    0xbaa18965, 0x49496b74, 0x5e5c7f5a, 0x315a5e, [2729] = 0x894c1b00, 0xdaf3f3d8,
    0xa5a18cb6, 0x618bbba5, 0x24272927, 0xbc7552, [2737] = 0xd7720000, 0xefeef7f4,
    0xbabfcbd8, 0xbfced8bf, 0x3a28618f, 0x4c68, [2745] = 0xde450000, 0xf4d9f6f6,
    0xd7d7d7e0, 0xdbefced3, 0x3d74bcbf, 0xbc44, [2753] = 0x70bc0000, 0xe3e1dec1,
    0xe0e3f2f6, 0xd9d7e0e0, 0x446ac1ee, [2762] = 0xd9d36ebc, 0xe0e3e3e3, 0xcbd4d4d7,
    0xbc6bc1d3, [2770] = 0x7dbc0000, 0xcccccbc5, 0x9fa5a5ca, 0x7a746b, [2779] = 0x81838500,
    0x8e706b74, 0xbc, [2796] = 0x7000000, 0xf000000, 0x1f000000, 0x1f000008,
    0x1f0000f8, 0x3f0000f8, 0x3f0000f8, 0x3f0000f8, 0x1f0000e0, 0x1f0000e0,
    0x1f0000e0, 0x1f0000e0, 0x1f0000f0, 0x1f0000f8, 0x3f0000fc, 0x3f0000fc,
    0xff0000fc, 0xff0000ff, 0xff01c0ff, 0xff07f8ff, 0x28, 0x18,
    0x30, 0x80001, [2821] = 0x240, [2824] = 0x100, 0x100, 0x30302,
    0x5060d, 0x7080d, 0xb0b05, 0x50c1e, 0x90b13, 0xa0d1a,
    0xe110a, 0xd101d, 0x111212, 0x10141c, 0x151c1c, 0x191c13,
    0x18181b, 0x70f21, 0xc1223, 0x121524, 0x15172b, 0x151922,
    0x151a2b, 0x181b2b, 0x1f2526, 0x1a202d, 0x1d2131, 0x1e2038,
    0x23140a, 0x281d15, 0x29301a, 0x322116, 0x31341e, 0x262928,
    0x222536, 0x23263a, 0x25293b, 0x282b33, 0x2a2f3a, 0x2c3222,
    0x2c3135, 0x2d3539, 0x3a2f24, 0x333125, 0x34342b, 0x303823,
    0x383f29, 0x323431, 0x2a2d43, 0x2c3345, 0x313644, 0x363c42,
    0x353c4b, 0x3a3f53, 0x383a59, 0x394127, 0x3b432a, 0x3a4334,
    0x3b423f, 0x3b483e, 0x3b4445, 0x3c424c, 0x3e4b40, 0x3c4154,
    0x3f4163, 0x43301f, 0x5c3619, 0x41372c, 0x4a3c32, 0x573c24,
    0x404a3c, 0x4a5438, 0x4e593d, 0x57412a, 0x544433, 0x6c4625,
    0x744b28, 0x7e5229, 0x795736, 0x424a48, 0x414655, 0x434a53,
    0x475245, 0x4b5647, 0x495353, 0x505149, 0x545c44, 0x515d4c,
    0x5b5849, 0x55575c, 0x464b63, 0x494d6b, 0x4d5369, 0x4c5071,
    0x515665, 0x555c68, 0x505575, 0x54597b, 0x595e72, 0x556244,
    0x5b654d, 0x5a684e, 0x546150, 0x5e6753, 0x5d675d, 0x5d6a57,
    0x5b6664, 0x5f6775, 0x5f687f, 0x675642, 0x655e5a, 0x636b4f,
    0x656859, 0x667255, 0x6b7458, 0x6e7c5d, 0x7a644d, 0x707d5f,
    0x666d64, 0x616870, 0x69766a, 0x6e7c74, 0x6b7979, 0x727669,
    0x747b75, 0x585e80, 0x51689c, 0x666c82, 0x6d7588, 0x677b9a,
    0x737d87, 0x667fa1, 0x5574d5, 0x4e74e7, 0x4e77fb, 0x758258,
    0x79875b, 0x798469, 0x748171, 0x77837c, 0x768979, 0x7a8670,
    0x78877b, 0x7f8e74, 0x6e858d, 0x728381, 0x7e8b80, 0x7a8391,
    0x7d9180, 0x7d9188, 0x80522c, 0x855b37, 0x9f642d, 0x91663d,
    0xaf763e, 0xb97838, 0x817e74, 0xae7842, 0x848a7d, 0x82916b,
    0x889678, 0x9a8068, 0x9aa97b, 0xbf8246, 0xa98663, 0xad957e,
    0xc7833e, 0xc78643, 0xdb9a52, 0xe39e52, 0xe7a75b, 0xe7ad63,
    0xf4b564, 0xf9c67c, 0x848e9b, 0x8a9787, 0x849195, 0x87919c,
    0x8e9791, 0x8a9b96, 0x929986, 0x939e8f, 0x8a92a8, 0x949cad,
    0x8ea493, 0x91a184, 0x92a28c, 0x97a981, 0x9bab8b, 0x90a093,
    0x94a69a, 0x95a99a, 0x9aae95, 0x99ac9c, 0x9fb0ac, 0xa2ab8a,
    0xa7ad96, 0xa7ae98, 0xa7b388, 0xa1b596, 0xa2b59d, 0xa5b89c,
    0xaabb98, 0xa8aca1, 0xa2aab8, 0xa9b5a5, 0xaab9b5, 0xb4baa3,
    0xb6c69b, 0xafc1a1, 0xb3c4a3, 0xb2c4ae, 0xb6c8a8, 0xbcc1a4,
    0xbdcda6, 0xbbcdac, 0xb6c4b9, 0xb6c8bd, 0xbfc5b7, 0xbac2b8,
    0xbcceb2, 0xb8cbb9, 0xbed1b4, 0xbdd0b8, 0xb8c6c1, 0xbccdc4,
    0xbed1c2, 0xcdbb9e, 0xc3cbb8, 0xc2d1ac, 0xc2d4b5, 0xc1d3b9,
    0xc9d7b3, 0xccd9b4, 0xccd8b9, 0xefc487, 0xf5d09b, 0xe0cbb3,
    0xe3d3b8, 0xffdfa2, 0xfee3ae, 0xfce4b4, 0xc8ccc2, 0xc1d2c0,
    0xc5d5cc, 0xc6d8cc, 0xcad6c4, 0xcbd8c4, 0xcadacd, 0xd4d9d4,
    0xd6e0c5, 0xdde5d0, 0xefddc7, 0xe5dfd3, 0xede5da, 0xe6eae5,
    0xf6efe2, 0xfef6e1, [3082] = 0x4e3a2008, 0x899c7230, 0x7a69778e, 0x1311143c,
    0x2d081110, 0xdef1deae, 0x54503826, 0xb5923972, 0x10575db0, 0x8061006,
    0x10080613, 0xf1ddde7c, 0x70623b38, 0x314ebec7, 0x1706182d, 0x23170821,
    0x6060608, 0xf2f1d557, 0xe3b6544f, 0x215bd4e4, 0x22121010, 0x23ffff02,
    0x6060610, 0xdfd6cb33, 0xd9d9c563, 0x91477d9, 0x35354429, 0x6ff070c,
    0x210061f, 0xd0bcad3d, 0xdbd4dbb7, 0x35241088, 0x6c84c1b1, 0xd353535,
    0x606131f, 0xacdabb58, 0xd1cfcfcf, 0x6d611367, 0x9d9fccd8, 0x64ac7353,
    0x7d1f0a0a, 0x8fbc7731, 0xb2cfcec6, 0x9b544c08, 0xccc3e1fc, 0xb2f65229,
    0x3c32306e, 0x6651bebc, 0x56ca9d76, 0xe1869c22, 0xefc29dd8, 0x6dac78d7,
    0xe33986d2, 0xac8cc7e4, 0x15bd6663, 0x476fc32a, 0x3e1a4027, 0x8ac87841,
    0x9c1dc0d2, 0xffff9cba, 0xb759d75, 0xa0a89d36, 0x93199349, 0xc8423f48,
    0x363585b1, 0xffffffff, 0xa16887e, 0xaaeee06e, 0xa797a8a6, 0x4998a0a4,
    0x361b6eef, 0xffffffff, 0xffffffff, 0xa1faeb73, 0x96a8ece8, 0xa3a9a89a,
    0x6545cb71, 0xffffffff, 0xffffffff, 0x6b6de976, 0x94edfefb, 0x98a59642,
    0xff75b149, 0xffffffff, 0xffffffff, 0x411ca299, 0x9efdf9ea, 0xa3944647,
    0xff764b98, 0xffffffff, 0xffffffff, 0x1a194155, 0x6d4b3f4a, 0x483e2927,
    0x4c6aa4a6, 0xffffffff, 0xc92dffff, 0xc74abab, 0x76090303, 0x2c56747f,
    0x2946954b, 0xffffffff, 0xb42effff, 0x22c95c68, 0x90151e1e, 0xb4ab7d7f,
    0x152856b3, 0xffffffff, 0x18ffffff, 0xdead2f4d, 0xb19d75bf, 0x594d6d87,
    0x5c5e5a5f, 0xffffffff, 0xffffffff, 0xf5f4c031, 0x9d91caf1, 0x518cc6b9,
    0x316d2620, 0xffffffff, 0xffffffff, 0xf4f8d4ff, 0xcfe2d4f4, 0xb9d6d6c7,
    0xff4c6091, 0xffffffff, 0xffffffff, 0xe5b951ff, 0xe2e6f7e7, 0xf0dbd3e2,
    0xffff439d, 0xffffffff, 0xffffffff, 0x9cffffff, 0xe2e6e2ac, 0x8cb8c3cd,
    0xffffff8c, 0xffffffff, 0xffffffff, 0xffffffff, 0x8d7effff, 0xff8e7287,
    0xffffffff, 0xffffffff, [3235] = 0x30000, 0xf0000, 0xf0000, 0xf00f0,
    0x1f00f0, 0x1f00f0, 0xf00f0, 0xf00c0, 0xf00c0, 0xf00e0,
    0xf00f0, 0x1f00f8, 0x3f00f8, 0x7f00fe, 0xffc1ff, 0x28,
    0x10, 0x20, 0x80001, [3255] = 0x100, [3258] = 0x100, 0x100,
    0x10102, 0x70708, 0x50913, 0x50d1f, 0x80a14, 0xb0d17,
    0xc101d, 0x151715, 0x1a1f1c, 0x1c1f1e, 0x60e20, 0xa1124,
    0xf1221, 0xd1526, 0x131522, 0x171a27, 0x141c27, 0x151a29,
    0x181a21, 0x191c25, 0x191d29, 0x1c1e30, 0x1e251f, 0x1c242f,
    0x192130, 0x1f2232, 0x1c2430, 0x201812, 0x25201a, 0x3f250f,
    0x3f2a1a, 0x282e24, 0x2a2e2d, 0x212435, 0x222935, 0x242b36,
    0x222a3b, 0x262c3e, 0x2d3322, 0x332e26, 0x35342f, 0x313921,
    0x3f3023, 0x282a42, 0x292d44, 0x34364e, 0x373d47, 0x35394b,
    0x3a4127, 0x3b483e, 0x3b4347, 0x3e454c, 0x3f4943, 0x3d4159,
    0x3f435d, 0x442e19, 0x433428, 0x4a3e32, 0x503c28, 0x5c442f,
    0x544935, 0x754f29, 0x404559, 0x464c5e, 0x494f54, 0x485345,
    0x4e5a4a, 0x4f5c48, 0x485152, 0x4e5756, 0x4d585e, 0x505543,
    0x545e46, 0x525e4c, 0x5d574b, 0x4f5762, 0x4e5565, 0x4d516f,
    0x5b6546, 0x59634f, 0x576351, 0x53605c, 0x56605b, 0x596254,
    0x596654, 0x5c6151, 0x596171, 0x655f59, 0x6d5b58, 0x60695a,
    0x6e7c5e, 0x616e7b, 0x656c7f, 0x687177, 0x6b7970, 0x6f7e79,
    0x3553b2, 0x3755b2, 0x3e5cb8, 0x5b7295, 0x4766bf, 0x6a7380,
    0x6d7e87, 0x787f8d, 0x456be3, 0x77826e, 0x7d856f, 0x7b8866,
    0x748575, 0x768479, 0x7f8675, 0x7f8479, 0x7c8976, 0x7d8d75,
    0x7f907d, 0x7e9289, 0x7b93ba, 0x8a5f37, 0xa06730, 0xad7034,
    0xad743c, 0xb87839, 0x896a49, 0x87714f, 0xa17242, 0xa77947,
    0xb37b41, 0x828c6d, 0x858473, 0x878f77, 0x839076, 0x819379,
    0x82927f, 0x8c9e7a, 0x91806a, 0xb88146, 0xcc8945, 0xcf9250,
    0xebaa5c, 0x818b97, 0x848c97, 0x838d9b, 0x8d9185, 0x8a9c85,
    0x8c9881, 0x8c9c83, 0x8b9b88, 0x899e99, 0x91998d, 0x979e8b,
    0x949790, 0x92a38e, 0x99a082, 0x9da88c, 0x93a59b, 0x99a993,
    0x98a0af, 0xb69e82, 0xa3a984, 0xaca68e, 0xa0b29e, 0xa2b59c,
    0xa6b897, 0xa6b89c, 0xbea88c, 0xb5a89a, 0xb1bc99, 0xa7b6ae,
    0xa9bba0, 0xacbea3, 0xa6b7b0, 0xb8bcb2, 0xaec0ab, 0xb1c2a2,
    0xb5c6a5, 0xb3c5ad, 0xb6c9ad, 0xbdcda5, 0xb9caac, 0xb3c3bd,
    0xb7c7bc, 0xb5c8b8, 0xb9cbb3, 0xbed0b2, 0xbecec4, 0xcfaf88,
    0xc9bda2, 0xc1c3b6, 0xc3d0b0, 0xc1d3b6, 0xc8d6b0, 0xd1ddbd,
    0xf8d295, 0xfddb9e, 0xc0cfc8, 0xc8cec6, 0xc7d6c5, 0xc7d8cd,
    0xd8e1ce, 0xf6eada, [3516] = 0x53443214, 0x4d5b7383, 0xc110c21, 0xc2c25b0c,
    0x925a4331, 0xe2c4b46, 0x6140f15, 0xc5b43502, 0xafbd9149, 0x2008132f,
    0x5210001, 0xb5aa2c0c, 0x33b0b797, 0x4e7f531f, 0x11132629, 0xa09a2d04,
    0x199badad, 0x98a6ab48, 0x13598e47, 0x5e5f4b3e, 0x4f44a384, 0xbb99c369,
    0x6a6e946f, 0x71a0b644, 0x6b169153, 0x1e2a3a7b, 0x9e948039, 0xc8c86f30,
    0x9f084466, 0x7e8789c0, 0x81867678, 0xc8c8c829, 0xba19c8c8, 0x7dc1b9a5,
    0x96778a7c, 0xc8c8c853, 0xa417c8c8, 0x9dc7a538, 0x7a79753b, 0xc8c8c851,
    0x572f0cc8, 0x4a1d371b, 0x883d2728, 0xc8c8223c, 0x659c24c8, 0x5d08078c,
    0x58678d8c, 0xc8c8221c, 0x4424c8c8, 0x856cb4a7, 0x353f5171, 0xc8c81956,
    0x91c8c8c8, 0xa2b2c4c6, 0x4372aca8, 0xc8c8c834, 0xc8c8c8c8, 0xbebfbc6e,
    0x41a9adb1, 0xc8c8c8c8, 0xc8c8c8c8, 0x9374c8c8, 0xc8637182, 0xc8c8c8c8,
    [3586] = 0x300, 0x700, 0x7c0, 0x7c0, 0x380, 0x380,
    0x3c0, 0x7e0, 0xff0, 0x1ffc, 0x28, 0x30,
    0x60, 0x200001, [3601] = 0x2580, [3606] = 0xff0d0e18, 0xff0e1221, 0xff081021,
    0xff2f3345, 0xff3b483e, 0xff444853, 0xff3e3f5f, 0xff3d424e, 0xff353853,
    0xff2f3345, 0xff616b55, 0xff85956a, 0xff85956a, 0xff747f54, 0xff69785d,
    0xff7c9079, 0xff7a8f88, 0xff65746c, 0xff58646b, 0xff7a8f88, 0xff7a8f88,
    0xff616485, 0xff4e5372, 0xff565b7e, 0xff565b7e, 0xff565b7e, 0xff353853,
    0xff212433, 0xff15182a, 0xff0f111c, 0xff0a0f1c, 0xff0c1325, 0xff141826,
    0xff141826, 0xff1c1e34, 0xff1c1e34, 0xff081021, 0xff0a0c10, 0xff2a2c45,
    0xff3e3f5f, 0xff626a79, 0xffbac9c4, 0xffbac9c4, 0xffbfcec2, 0xffc5d4d0,
    0xffc5d4d0, 0xffbac9c4, 0xffc2d1c9, 0xff0a0f1c, 0xff0e1221, 0xff212433,
    0xff343947, 0xff353853, 0xff3d424e, 0xff444853, 0xff555f56, 0xff495546,
    0xff2e3338, 0xff555f56, 0xff85956a, 0xff8f9c74, 0xff7c9079, 0xff7a8f88,
    0xff7a8f88, 0xff7e979a, 0xff6b7979, 0xff7a8f88, 0xff58646b, 0xff4e5372,
    0xff565b7e, 0xff697194, 0xff565b7e, 0xff343947, 0xff0f111c, 0xff020312,
    0xff0e1221, 0xff15182a, 0xff14142f, 0xff1c1e34, 0xff24283c, 0xff171c2e,
    0xff070913, 0xff0a0c18, 0xff14142f, 0xff171c2e, 0xff06080e, 0xff0f111c,
    0xff353853, 0xff4e5372, 0xffb2bfc4, 0xffbfcec2, 0xffbac9c4, 0xffc5d4d0,
    0xffc2d1c9, 0xffbac9c4, 0xffc9d8cd, 0xff1c212f, 0xff242b35, 0xff3b483e,
    0xff3b483e, 0xff434b45, 0xff495546, 0xff5d6a5d, 0xff58634b, 0xff4f5b40,
    0xff7b8865, 0xff363c33, 0xff535c60, 0xff9bb1a1, 0xff8aa38f, 0xff849888,
    0xff8aa38f, 0xff97aa9f, 0xff97aa9f, 0xff4e5372, 0xff4e5372, 0xff697194,
    0xff616485, 0xff2f3345, 0xff0f111c, 0xff010207, 0xff010207, 0xff070913,
    0xff020312, 0xff06080e, 0xff06080e, 0xff0f111c, 0xff15182a, 0xff171c2e,
    0xff0e1221, 0xff020312, 0xff0e1221, 0xff15182a, 0xff0a0f1c, 0xff06080e,
    0xff2a2c45, 0xff3e3f5f, 0xff9ca8af, 0xffc0d4c6, 0xffbbd2bd, 0xffb7c4bb,
    0xffbac9c4, 0xffc2d1c9, 0xffc2d1c9, 0xff3b483e, 0xff3b483e, 0xff3b483e,
    0xff3b483e, 0xff495546, 0xff58634b, 0xff58634b, 0xff3b483e, 0xff58643d,
    0xff9daf92, 0xff5d6a5d, 0xff101828, 0xff58646b, 0xff7a8f88, 0xff92a697,
    0xff9bb1a1, 0xff9bb1a1, 0xff626a79, 0xff4e5372, 0xff565b7e, 0xff3d424e,
    0xff121525, 0xff0a0c18, 0xff0a0c10, 0xff0a0c18, 0xff171c2e, 0xff22223a,
    0xff15182a, 0xff171c2e, 0xff14142f, 0xff0e1221, 0xff0a0c18, 0xff15182a,
    0xff171c2e, 0xff0a0f1c, 0xff0e1221, 0xff0a0f1c, 0xff070c18, 0xff010207,
    0xff22223a, 0xff3e3f5f, 0xff828b9c, 0xffc0d4c6, 0xffaec3b8, 0xffaab7b6,
    0xffc5d4d0, 0xffd0e0d8, 0xffbbd2bd, 0xff3b483e, 0xff3b483e, 0xff3b483e,
    0xff495546, 0xff495546, 0xff687851, 0xff58634b, 0xff4f5b40, 0xff85956a,
    0xffb3c397, 0xff92a697, 0xff4b5455, 0xff1c212f, 0xff212433, 0xff3d424e,
    0xff535c60, 0xff4a4e62, 0xff353853, 0xff353853, 0xff1c1e34, 0xff14142f,
    0xff0a0f1c, 0xff0a0c18, 0xff121525, 0xff2a2c45, 0xff2f3345, 0xff212433,
    0xff171b26, 0xff24283c, 0xff292c3c, 0xff2e3338, 0xff171b26, 0xff141826,
    0xff15182a, 0xff0e1221, 0xff0a0c18, 0xff050d1f, 0xff070c18, 0xff000000,
    0xff141826, 0xff353853, 0xff697194, 0xffb7c4bb, 0xffb5bcaf, 0xffbfcec2,
    0xffd0e0d8, 0xffccdcd3, 0xffc0d4c6, 0xff3b483e, 0xff3b483e, 0xff3b483e,
    0xff3b483e, 0xff495546, 0xff707e5d, 0xff7b8865, 0xff98ab84, 0xffb7caab,
    0xffc0d2b7, 0xffcaddc2, 0xffc2d6bb, 0xff9bb1a1, 0xff2f3345, 0xff14142f,
    0xff353853, 0xff1c1e34, 0xff0e1221, 0xff15182a, 0xff14142f, 0xff0a0f1c,
    0xff06080e, 0xff1c1e34, 0xff3d424e, 0xff2a2c45, 0xff121525, 0xff06080e,
    0xff020407, 0xff0a0c10, 0xff212626, 0xff3d424e, 0xff292c3c, 0xff0a0c18,
    0xff06080e, 0xff0b0c14, 0xff070c18, 0xff070913, 0xff070c18, 0xff06080e,
    0xff0f111c, 0xff353853, 0xff4e5372, 0xffaec3b8, 0xffbfcec2, 0xffc0d4c6,
    0xffc9d8cd, 0xffccdcd3, 0xffc0d4c6, 0xff3b483e, 0xff495546, 0xff495546,
    0xff495546, 0xff616b55, 0xff8fa280, 0xffb7caab, 0xffc9d7b1, 0xffc7d9be,
    0xffc0d2b7, 0xffb9cdb1, 0xffb7caab, 0xff8f9a91, 0xff3e3f5f, 0xff3e3f5f,
    0xff2a2c45, 0xff0a0c18, 0xff0e1221, 0xff1c1e34, 0xff0a0f1c, 0xff070913,
    0xff171b26, 0xff343947, 0xff2f3345, 0xff0f111c, 0xff03030b, 0xff000000,
    0xff000000, 0xff000000, 0xff0a0c10, 0xff2f3345, 0xff353853, 0xff121525,
    0xff0b0c14, 0xff06080e, 0xff0a0c10, 0xff0a0c18, 0xff0a0f1c, 0xff0a0f1c,
    0xff0a0c18, 0xff353853, 0xff3e3f5f, 0xffa9b2ac, 0xffc0d4c6, 0xffc0d4c6,
    0xffc6d7c6, 0xffc9d8cd, 0xffbbd2bd, 0xff434b45, 0xff58634b, 0xff58634b,
    0xff5d6a5d, 0xff9daf92, 0xffb7caab, 0xffcaddc2, 0xffc0d2b7, 0xffc0d2b7,
    0xffc2d6bb, 0xffc7d9be, 0xffacc0a2, 0xff444853, 0xff353853, 0xff1c1e34,
    0xff0a0c18, 0xff15182a, 0xff212433, 0xff15181d, 0xff0a0c10, 0xff131211,
    0xff2e3338, 0xff2a2e2f, 0xff131211, 0xff0a0c10, 0xff000000, 0xff000000,
    0xff000000, 0xff000000, 0xff010103, 0xff0f111c, 0xff2a2c45, 0xff242b35,
    0xff121525, 0xff0a0c10, 0xff0a0c18, 0xff14142f, 0xff15182a, 0xff121525,
    0xff070913, 0xff2a2c45, 0xff45476d, 0xff828b9c, 0xffc0d4c6, 0xffaec3b8,
    0xffaab7b6, 0xffbac9c4, 0xffbbd2bd, 0xff505849, 0xff58634b, 0xff7c9079,
    0xff97ab94, 0xffb7caab, 0xffb7caab, 0xffc2d6bb, 0xffc0d2b7, 0xffb7caab,
    0xffc0d2b7, 0xffbbd2bd, 0xff6b7979, 0xff2a2c45, 0xff171c2e, 0xff03030b,
    0xff0f111c, 0xff212626, 0xff313726, 0xff3b432a, 0xff323a1f, 0xff29311b,
    0xff323a1f, 0xff3b432a, 0xff2c2a23, 0xff1a1e12, 0xff090704, 0xff000000,
    0xff000000, 0xff000000, 0xff000000, 0xff010103, 0xff1c1e34, 0xff2f3345,
    0xff141826, 0xff0a0c18, 0xff0a0c18, 0xff0c1325, 0xff141826, 0xff121525,
    0xff010207, 0xff353853, 0xff45476d, 0xff6b7979, 0xffbac9c4, 0xff9bb1a1,
    0xff92a697, 0xffaec2aa, 0xffb9cdb1, 0xff495546, 0xff65746c, 0xffaec2aa,
    0xffc7d9be, 0xffc7d9be, 0xffc0d2b7, 0xffb9cdb1, 0xffb7caab, 0xffb7caab,
    0xffc0d2b7, 0xff717a79, 0xff22223a, 0xff15182a, 0xff0b0c14, 0xff1f201d,
    0xff1a1e12, 0xff1a1e12, 0xff665b58, 0xff707e5d, 0xff4c583a, 0xff414d2c,
    0xff4c583a, 0xff58643d, 0xff29311b, 0xff1a1e12, 0xff29311b, 0xff212817,
    0xff1a1e12, 0xff0e1209, 0xff030403, 0xff010103, 0xff15181d, 0xff292c3c,
    0xff1c1e34, 0xff141826, 0xff0f111c, 0xff0c1325, 0xff0a0f1c, 0xff03030b,
    0xff000000, 0xff3e3f5f, 0xff45476d, 0xff3e3f5f, 0xffaec3b8, 0xff8aa38f,
    0xff9bb1a1, 0xffccdcd3, 0xff97a88b, 0xff555f56, 0xff97ab94, 0xffc2d6bb,
    0xffc0d2b7, 0xffc0d2b7, 0xffb9cdb1, 0xffb7caab, 0xffb5c7a6, 0xffacc0a2,
    0xff717a79, 0xff1c1e34, 0xff141826, 0xff0a0c10, 0xff313726, 0xff3b432a,
    0xff29311b, 0xff495546, 0xff9ea692, 0xffa7aa9a, 0xff949a85, 0xff747f54,
    0xff687851, 0xff747f54, 0xff414236, 0xff323a1f, 0xff323a1f, 0xff323a1f,
    0xff313726, 0xff212817, 0xff29311b, 0xff131211, 0xff0b0c14, 0xff212433,
    0xff1c212f, 0xff171c2e, 0xff15182a, 0xff15182a, 0xff070913, 0xff010103,
    0xff010103, 0xff45476d, 0xff3e3f5f, 0xff535c60, 0xffbbd2bd, 0xffaec2aa,
    0xffc0d4c6, 0xffa7b7a3, 0xff738069, 0xff9daf92, 0xffc0d2b7, 0xffc0d2b7,
    0xffb7caab, 0xffb5c7a6, 0xffbecea7, 0xffcaddc2, 0xffc2d6bb, 0xff9bb1a1,
    0xff242b35, 0xff0c1325, 0xff0f111c, 0xff3b432a, 0xff3b432a, 0xff454e35,
    0xff3b432a, 0xff949a85, 0xffc9cdc1, 0xffb4b9a6, 0xffb0ba95, 0xff85956a,
    0xff747f54, 0xff828a6a, 0xff58634b, 0xff454e35, 0xff3b432a, 0xff3b432a,
    0xff58634b, 0xff414236, 0xff58643d, 0xff414236, 0xff020312, 0xff1c1e34,
    0xff1c212f, 0xff171b26, 0xff171c2e, 0xff121525, 0xff010103, 0xff010103,
    0xff24283c, 0xff616485, 0xff4a4e62, 0xff849888, 0xffc0d4c6, 0xffbbd2bd,
    0xffbbd2bd, 0xff7c9079, 0xff91a38f, 0xffb3c4a3, 0xffb3c4a3, 0xffb5c7a6,
    0xffb3c4a3, 0xffb5c7a6, 0xffb5c7a6, 0xffb7caab, 0xffc2d0ae, 0xff97aa9f,
    0xff24283c, 0xff14142f, 0xff212626, 0xff58634b, 0xff4c583a, 0xff58634b,
    0xff665b58, 0xffa9b2ac, 0xffb5bcaf, 0xffb5bcaf, 0xffa2b182, 0xff97a776,
    0xff8f9c74, 0xff97a776, 0xff727765, 0xff5f5348, 0xff58634b, 0xff646d4d,
    0xff665b58, 0xff4f5b40, 0xff9ea692, 0xff738069, 0xff1a1e12, 0xff121525,
    0xff0e1221, 0xff121525, 0xff0e1221, 0xff010207, 0xff0a0c18, 0xff4e5372,
    0xff828b9c, 0xff565b7e, 0xff444853, 0xff9bb1a1, 0xffbbd2bd, 0xffbbd2bd,
    0xffbbd2bd, 0xff91a38f, 0xffbfcec2, 0xffb3c4a3, 0xffb3c4a3, 0xffb3c4a3,
    0xffb3c4a3, 0xffb5c7a6, 0xffb5c7a6, 0xffacc0a2, 0xffb5c7a6, 0xff849888,
    0xff22223a, 0xff0c1325, 0xff212626, 0xff727765, 0xff58634b, 0xff434b45,
    0xff949a85, 0xffd0d4cc, 0xffc2c6b9, 0xffcdd3c0, 0xffb0ba95, 0xffa2b182,
    0xffa2b182, 0xffa7aa9a, 0xff858b7a, 0xff4f5b40, 0xff4f5b40, 0xff656862,
    0xff778479, 0xff778479, 0xffc9cdc1, 0xff9ea692, 0xff4f5b40, 0xff2a2e2f,
    0xff06080e, 0xff070913, 0xff0f111c, 0xff292c3c, 0xff616485, 0xff828b9c,
    0xff616485, 0xff2a2c45, 0xff101828, 0xff212433, 0xff3d424e, 0xff6b7979,
    0xff7a8f88, 0xff4b5455, 0xff5d6a5d, 0xffa9bb9c, 0xffb3c4a3, 0xffacc0a2,
    0xffb3c4a3, 0xffb5c7a6, 0xffb7caab, 0xffb5c7a6, 0xff97a88b, 0xff212433,
    0xff14142f, 0xff14142f, 0xff495546, 0xff7b8865, 0xff3b432a, 0xff3b432a,
    0xffc2c6b9, 0xffedefeb, 0xffe6eae2, 0xffdbe4cd, 0xffb0ba95, 0xffa2b182,
    0xffaab98a, 0xffbeb09f, 0xff949a85, 0xff414236, 0xff363c33, 0xff414236,
    0xff5f5348, 0xffa9b2ac, 0xffe6eae2, 0xffa9b2ac, 0xff89977c, 0xff7b8865,
    0xff3b432a, 0xff15181d, 0xff4a4e62, 0xff565b7e, 0xff4f5569, 0xff3d424e,
    0xff24283c, 0xff535c60, 0xff92a697, 0xff8aa38f, 0xff58646b, 0xff2e3338,
    0xff141826, 0xff2d342b, 0xff5d6a5d, 0xff91a38f, 0xffacc0a2, 0xffa9bb9c,
    0xffb5c7a6, 0xffb5c7a6, 0xffa9bb9c, 0xffaec2aa, 0xff444853, 0xff020312,
    0xff121525, 0xff242b35, 0xff89977c, 0xff89977c, 0xff0e1209, 0xff434b45,
    0xffd0d4cc, 0xffdbe3dd, 0xffedefeb, 0xffd9d6d0, 0xffb3c397, 0xffaab98a,
    0xffbeb09f, 0xffcdd3c0, 0xffb4b9a6, 0xff414236, 0xff131211, 0xff2a2e2f,
    0xff778479, 0xffd0d4cc, 0xfff1f6f7, 0xffa9b2ac, 0xff738069, 0xff707e5d,
    0xff738069, 0xff505849, 0xff2e3338, 0xff242b35, 0xff212433, 0xff2a2c45,
    0xff6b7979, 0xffaec2aa, 0xffcaddc2, 0xffcaddc2, 0xffbbd2bd, 0xff97aa9f,
    0xff505849, 0xff5d6a5d, 0xff90a278, 0xff778479, 0xff849888, 0xff97a88b,
    0xffa9bb9c, 0xffa9bb9c, 0xffacc0a2, 0xff92a697, 0xf934363d, 0xff24283c,
    0xff1c212f, 0xff58634b, 0xff8f9c74, 0xff69785d, 0xff454e35, 0xffb7c4bb,
    0xffedefeb, 0xffedefeb, 0xffe6eae2, 0xffc2c6b9, 0xffa2b182, 0xffbcc9a3,
    0xffd9d6d0, 0xffe6eae2, 0xffe6eae2, 0xffd0d4cc, 0xff828a6a, 0xff363c33,
    0xff313726, 0xff8f9a91, 0xffbac9c4, 0xff727765, 0xff665b58, 0xff738069,
    0xff8fa280, 0xff949a85, 0xff495546, 0xff1c212f, 0xff3d424e, 0xff9bb1a1,
    0xffcaddc2, 0xffc2d6bb, 0xffc0d2b7, 0xffb7caab, 0xffacc0a2, 0xff9daf92,
    0xff90a278, 0xff97a776, 0xda667059, 0xff65746c, 0xff5d6a5d, 0xff5d6a5d,
    0xff778479, 0xffa2b598, 0xffaec2aa, 0xff778479, 0xa8343434, 0xff2d342b,
    0xff323a1f, 0xff97a776, 0xff97a776, 0xff69785d, 0xffc2d0ae, 0xffc9cdc1,
    0xff9ea692, 0xff8f9a91, 0xff849888, 0xff65746c, 0xff58634b, 0xff738069,
    0xff949a85, 0xff9da59d, 0xffb5bcaf, 0xffd0d4cc, 0xffdbe3dd, 0xffcdd3c0,
    0xff858b7a, 0xff727765, 0xff727765, 0xff454e35, 0xff858b7a, 0xffdbe3dd,
    0xfff9f0d6, 0xffb0ba95, 0xff646d4d, 0xff212817, 0xff738069, 0xffcaddc2,
    0xffd6e2c4, 0xffcaddc2, 0xffb9cdb1, 0xffb7caab, 0xff7c9079, 0xff69785d,
    0xff738069, 0xae627274, 0x7c5c6a6b, 0xff5d6a5d, 0xff4f5b40, 0xff4c583a,
    0xff616b55, 0xff97ab94, 0xffa2b598, 0xf2303335, 0x74343434, 0xd1282c22,
    0xff3b432a, 0xffaab98a, 0xffb3c397, 0xff89977c, 0xff65746c, 0xff3b483e,
    0xff363c33, 0xff2c2a23, 0xff2a2e2f, 0xff414236, 0xff2a2e2f, 0xff1f201d,
    0xff131211, 0xff312217, 0xff414236, 0xff5f5348, 0xff656862, 0xff858b7a,
    0xffc9cdc1, 0xffb4b9a6, 0xff89977c, 0xff69785d, 0xff616b55, 0xffcdd3c0,
    0xfff9f0d6, 0xffbcc9a3, 0xff828a6a, 0xff29311b, 0xff3b432a, 0xff747f54,
    0xffcaddc2, 0xffc2d6bb, 0xffa7b7a3, 0xff535c60, 0xad1b1f28, 0x36343434,
    0x361c2029, 0x11343434, 0xe343434, 0xff5d6a5d, 0xff495546, 0xff58634b,
    0xff7c9079, 0xffacc0a2, 0xff849888, 0x9c343434, 0x742c2f29, 0xe7282c22,
    0xff454e35, 0xff97a776, 0xffa2b182, 0xff616b55, 0xff64492f, 0xff784f2f,
    0xff5f432a, 0xff4e3727, 0xff402d1f, 0xff4e3727, 0xff4e3727, 0xff402d1f,
    0xff26150c, 0xff3d210e, 0xff5d3b24, 0xff312217, 0xff26150c, 0xff2c2a23,
    0xff505849, 0xffa7aa9a, 0xffd0d4cc, 0xffb5bcaf, 0xff727765, 0xff7b8865,
    0xffb0ba95, 0xffbeb09f, 0xff97a776, 0xff312217, 0xff323a1f, 0xff323a1f,
    0xff98ab84, 0xff9bb1a1, 0xff3d424e, 0x8f1c2029, 0x2a343434, 0x11343434,
    0x6343434, 0x1343434, [4566] = 0xff6b7979, 0xff5d6a5d, 0xff69785d, 0xffa2b598,
    0xffacc0a2, 0xf13f4444, 0x62343434, 0xda252a1e, 0xff323a1f, 0xff3b432a,
    0xff97a88b, 0xff738069, 0xffb88a56, 0xffeaa556, 0xffbd7c43, 0xff9b6534,
    0xff6e4b28, 0xff523218, 0xff5f432a, 0xff523218, 0xff26150c, 0xff160c03,
    0xff5d391c, 0xff845631, 0xff5d3b24, 0xff312217, 0xff402d1f, 0xff523218,
    0xff402d1f, 0xff505849, 0xffc2c6b9, 0xffd0d4cc, 0xff858b7a, 0xff747f54,
    0xff97a776, 0xff747f54, 0xff3b432a, 0xff414d2c, 0xff29311b, 0xff5d6a5d,
    0xec2c2f34, 0x7923252c, 0x2b343434, 0xd343434, 0x4343434, 0x1343434,
    [4614] = 0xff65746c, 0xff6b7979, 0xff778479, 0xff949a85, 0xff91a38f, 0x9b2d2e32,
    0x3b343434, 0xffbecea7, 0xdb262b1f, 0xff69785d, 0xff97ab94, 0xff937755,
    0xffffd389, 0xfff4b563, 0xffdfa058, 0xffc6894a, 0xff9b6534, 0xff784f2f,
    0xffaf6e31, 0xff9b6534, 0xff26150c, 0xff3d210e, 0xff845631, 0xff9b6534,
    0xff9b6534, 0xff7d4d25, 0xff5d391c, 0xff7d4d25, 0xff774819, 0xff3d210e,
    0xff414236, 0xffd0d4cc, 0xffe6eae2, 0xff727765, 0xff747f54, 0xff687851,
    0xff323a1f, 0xff414d2c, 0xff3b432a, 0xfd2c2f34, 0xc52a2c2f, 0x5e343434,
    0x1b343434, 0x4343434, [4662] = 0xff717a79, 0xff778479, 0xff91a38f, 0xff97ab94,
    0xe8414647, 0x40343434, 0x21343434, 0x25343434, 0xdd262b1f, 0xff9ea692,
    0xff9ea692, 0xffdfbc95, 0xffffdd9e, 0xffffd389, 0xfffec675, 0xffeaa556,
    0xffcd8b4f, 0xffd18c47, 0xffe09d52, 0xffd79952, 0xff845631, 0xff945b28,
    0xffda944a, 0xffd18c47, 0xffbd7c43, 0xffaf6e31, 0xff9b6534, 0xffaf6e31,
    0xffaf6e31, 0xff945b28, 0xff523218, 0xff5f5348, 0xffd9d6d0, 0xffd9d6d0,
    0xff646d4d, 0xff58643d, 0xff323a1f, 0xff29311b, 0xff29311b, 0xff434b45,
    0xcb282a2e, 0x57343434, 0x19343434, 0x2343434, [4710] = 0x7d485f9b, 0xd2596c90,
    0xff65746c, 0xed4a5154, 0x3e343434, 0x1e343434, 0xd343434, 0x6d212226,
    0xff313726, 0xffa9b2ac, 0xffbeb09f, 0xfffadab5, 0xfff9f0d6, 0xfff9f0d6,
    0xffffe8b1, 0xfffec675, 0xfff4b563, 0xfff4b563, 0xfff4b563, 0xfffec675,
    0xffdfa058, 0xffc6894a, 0xfffec675, 0xfff4b563, 0xffeaa556, 0xffdfa058,
    0xffd79952, 0xffdfa058, 0xffda944a, 0xffc6833c, 0xff945b28, 0xff854817,
    0xff828a6a, 0xfff1f6f7, 0xffb5bcaf, 0xff3b432a, 0xff1a1e12, 0xff323a1f,
    0xff4c583a, 0xff363c33, 0xb9292b2f, 0x51343434, 0x12343434, 0x1343434,
    [4758] = 0x1d41569d, 0xd17d92d7, 0x69222530, 0x381f232c, 0x13343434, 0x9343434,
    0x8343434, 0x6c171c27, 0xff495546, 0xff8f9a91, 0xffbeb09f, 0xfff9f0d6,
    0xfffffef9, 0xfff9f0d6, 0xffdfbc95, 0xffd5a66e, 0xfff4b563, 0xffffd389,
    0xffffdd9e, 0xffffdd9e, 0xfff4b563, 0xffd79952, 0xffc6894a, 0xffb88a56,
    0xffcd8b4f, 0xfff4b563, 0xfff4b563, 0xfff4b563, 0xfffec675, 0xffeaa556,
    0xffc6833c, 0xffbe7b39, 0xff6e4b28, 0xff9da59d, 0xffe6eae2, 0xff656862,
    0xff0e1209, 0xff707e5d, 0xffb3c397, 0xff4b5455, 0xa023262c, 0x30343434,
    0xd343434, 0x1343434, [4806] = 0x2343434, 0x4343434, 0x4343434, 0x4343434,
    0x4343434, 0x1343434, 0x5343434, 0x6c1a1d25, 0xff444853, 0xff778479,
    0xffdfbc95, 0xfff9f0d6, 0xfff1f6f7, 0xffae9987, 0xff785b45, 0xff785b45,
    0xffcc9e6f, 0xffffebc3, 0xffffe8b1, 0xffffdd9e, 0xfffec675, 0xffdfa058,
    0xff784f2f, 0xff4e3727, 0xff5d3b24, 0xff9b6534, 0xffdfa058, 0xffeaa556,
    0xfff4b563, 0xfff4b563, 0xffda944a, 0xffbe7b39, 0xff774819, 0xff665b58,
    0xffc4c9d7, 0xffa7b7a3, 0xff414d2c, 0xff7b8865, 0xff65746c, 0xdd242730,
    0x44343434, 0x1a343434, 0x6343434, [4860] = 0x4343434, 0x6c171c27, 0xff535c60,
    0xff858b7a, 0xfffadab5, 0xffffdd9e, 0xffae9987, 0xff58646b, 0xff665b58,
    0xff665b58, 0xffddc2a9, 0xfffffef9, 0xfffef6e1, 0xffffe8b1, 0xffffdd9e,
    0xffffd389, 0xff9b6534, 0xff4e3727, 0xff4e3727, 0xff5d3b24, 0xff785b45,
    0xffcd8b4f, 0xffe09d52, 0xffeaa556, 0xffd18c47, 0xffaf6e31, 0xff945b28,
    0xff534336, 0xff8f9a91, 0xff9da59d, 0xff7c9079, 0xff3d424e, 0xec22252c,
    0x7a343434, 0x30343434, 0xe343434, 0x2343434, [4908] = 0x3343434, 0x69171c27,
    0xff535c60, 0xffa7aa9a, 0xffffebc3, 0xffdfa058, 0xff523218, 0xff5f5348,
    0xff656862, 0xff665b58, 0xffd9d6d0, 0xfffffef9, 0xfffffef9, 0xfffffef9,
    0xfffef6e1, 0xffffe8b1, 0xffb88a56, 0xff5d3b24, 0xff5d3b24, 0xff6e4b28,
    0xff64492f, 0xff784f2f, 0xffc6894a, 0xffdfa058, 0xffda944a, 0xff945b28,
    0xff945b28, 0xff5d391c, 0xff717a79, 0xff9da59d, 0xff92a697, 0xff4b5455,
    0xe7282a2e, 0x89343434, 0x3a343434, 0x11343434, 0x3343434, [4955] = 0x1343434,
    0x4343434, 0x67161c27, 0xff535c60, 0xffbeb09f, 0xfff1dbc6, 0xff937755,
    0xff26150c, 0xff402d1f, 0xff534336, 0xff665b58, 0xffd9d6d0, 0xfffffef9,
    0xfffffef9, 0xfffffef9, 0xfffffef9, 0xfffef6e1, 0xffcc9e6f, 0xff64492f,
    0xff534336, 0xff64492f, 0xff5f432a, 0xff5d3b24, 0xff784f2f, 0xffd18c47,
    0xffe09d52, 0xffaf6e31, 0xff945b28, 0xffaf6e31, 0xff6e4b28, 0xff65746c,
    0xff849888, 0xff7a8f88, 0xf2292b2f, 0xbf343434, 0x5f343434, 0x22343434,
    0x8343434, 0x1343434, [5002] = 0x3343434, 0x7343434, 0x12343434, 0x401e222a,
    0xff363c33, 0xffbeb09f, 0xffddc2a9, 0xff534336, 0xff312217, 0xff312217,
    0xff312217, 0xff4e3727, 0xffcc9e6f, 0xffdfbc95, 0xffdfbc95, 0xffdfbc95,
    0xfff1dbc6, 0xffedefeb, 0xffdac9bb, 0xff5f5348, 0xff534336, 0xff534336,
    0xff534336, 0xff534336, 0xff4e3727, 0xff784f2f, 0xffd18c47, 0xffbe7b39,
    0xffc6833c, 0xffda944a, 0xffaf6e31, 0xff5d3b24, 0xff434b45, 0xff738069,
    0xff4b5455, 0xe32b2c30, 0x9d343434, 0x3d343434, 0x13343434, 0x3343434,
    [5049] = 0x1343434, 0x9343434, 0x1d343434, 0x37343434, 0x69343434, 0xff2c2a23,
    0xffae9987, 0xff9f8576, 0xff312217, 0xff26150c, 0xff312217, 0xff2c2a23,
    0xff312217, 0xff945b28, 0xffaf6e31, 0xff854817, 0xff854817, 0xff945b28,
    0xffdfbc95, 0xffc2c6b9, 0xff444853, 0xff414236, 0xff414236, 0xff414236,
    0xff414236, 0xff534336, 0xff402d1f, 0xff6e4b28, 0xffaf6e31, 0xffeaa556,
    0xffeaa556, 0xffc6833c, 0xffcd8b4f, 0xff785b45, 0xff2e3338, 0xff555f56,
    0xfb2f3037, 0xc3343434, 0x6e343434, 0x22343434, 0x5343434, [5097] = 0x4343434,
    0x15343434, 0x3f343434, 0xb523252a, 0xd3292a2f, 0xfa2a2d24, 0xff727765,
    0xff534336, 0xff0f0703, 0xff160c03, 0xff160c03, 0xff26150c, 0xff26150c,
    0xff4e3727, 0xff4e3727, 0xff3d210e, 0xff312217, 0xff26150c, 0xff5d391c,
    0xff5f5348, 0xff1f201d, 0xff1a1e12, 0xff312217, 0xff312217, 0xff2c2a23,
    0xff2c2a23, 0xff312217, 0xff312217, 0xff6e4b28, 0xffd18c47, 0xffeaa556,
    0xffc6833c, 0xffd18c47, 0xffb88a56, 0xff414236, 0xff29311b, 0xff656862,
    0xe7282b2f, 0x8a343434, 0x2f343434, 0x7343434, [5145] = 0x4343434, 0x3a1c2029,
    0xee34364a, 0xff828b9c, 0xff828b9c, 0xff78808e, 0xff78808e, 0xff717a79,
    0xff58646b, 0xff2e3338, 0xff131211, 0xff0f0703, 0xff0e1209, 0xff191407,
    0xff0e1209, 0xff060502, 0xff030403, 0xff030403, 0xff131211, 0xff363c33,
    0xff434b45, 0xff3d424e, 0xff343947, 0xff2e3338, 0xff2a2e2f, 0xff2c2a23,
    0xff1f201d, 0xff191407, 0xff191407, 0xff784f2f, 0xffc6894a, 0xffbe7b39,
    0xffaf6e31, 0xff9b6534, 0xff313726, 0xff0e1209, 0xff656862, 0xf12d2f37,
    0x8d343434, 0x33343434, 0x8343434, [5193] = 0x4343434, 0x84151a25, 0xff78808e,
    0xffd5dae8, 0xffb2bfc4, 0xffa1aabd, 0xff828b9c, 0xff909aaa, 0xffb9c5d4,
    0xffb9c5d4, 0xff909aaa, 0xff434b45, 0xff090a07, 0xff030403, 0xff030403,
    0xff090a07, 0xff090a07, 0xff000000, 0xff2a2e2f, 0xffaab7b6, 0xffbac9c4,
    0xffb2bfc4, 0xffaab7b6, 0xff909aaa, 0xff9ca8af, 0xff909aaa, 0xff78808e,
    0xff626a79, 0xff343947, 0xff2c2a23, 0xff5f432a, 0xff945b28, 0xff7d4d25,
    0xff6e4b28, 0xff1f201d, 0xff000000, 0xff555f56, 0xf02b2d33, 0x83343434,
    0x2e343434, 0x8343434, [5241] = 0x4343434, 0xb2141a28, 0xff78808e, 0xffc4c9d7,
    0xff909aaa, 0xff78808e, 0xff58646b, 0xff4a4e62, 0xff828b9c, 0xffc4c9d7,
    0xffd5dae8, 0xff535c60, 0xff000000, 0xff131211, 0xff1f201d, 0xff212626,
    0xff2a2e2f, 0xff2a2e2f, 0xff15181d, 0xff828b9c, 0xffb9c5d4, 0xff9ca8af,
    0xff909aaa, 0xff828b9c, 0xff909aaa, 0xff9ca8af, 0xffa1aabd, 0xffa1aabd,
    0xffa1aabd, 0xff909aaa, 0xff565b7e, 0xff534336, 0xff523218, 0xff402d1f,
    0xff1a1e12, 0xff000000, 0xff4b5455, 0xe8282a31, 0x72343434, 0x28343434,
    0x7343434, [5289] = 0x2343434, 0x261a1e28, 0xe625293a, 0xff828b9c, 0xff828b9c,
    0xff626a79, 0xff4a4e62, 0xff3d424e, 0xff4b5455, 0xff626a79, 0xff909aaa,
    0xff3d424e, 0xff212626, 0xff2e3338, 0xff2d342b, 0xff212626, 0xff2d342b,
    0xff2a2e2f, 0xff212626, 0xff2e3338, 0xff828b9c, 0xff58646b, 0xff4f5569,
    0xff4f5569, 0xff58646b, 0xff6b7979, 0xff697194, 0xff78808e, 0xff909aaa,
    0xffa1aabd, 0xffa1aabd, 0xff697194, 0xff616485, 0xff444853, 0xff1f201d,
    0xff040205, 0xff4b5455, 0xd92b2d32, 0x6c343434, 0x22343434, 0x5343434,
    [5338] = 0x4343434, 0x43181c27, 0xe61e232f, 0xff4e5372, 0xff4f5569, 0xff444853,
    0xff2f3345, 0xff2f3345, 0xff444853, 0xff778479, 0xffaab7b6, 0xffaec3b8,
    0xff9ca8af, 0xff7a8f88, 0xff4b5455, 0xff535c60, 0xff85956a, 0xff8f9c74,
    0xff89977c, 0xff8aa38f, 0xff65746c, 0xff444853, 0xff4b5455, 0xff3d424e,
    0xff4a4e62, 0xff4b5455, 0xff4f5569, 0xff697194, 0xff78808e, 0xff616485,
    0xff565b7e, 0xff697194, 0xff697194, 0xff565b7e, 0xff343947, 0xff58646b,
    0xd1292b30, 0x60343434, 0x19343434, 0x3343434, [5387] = 0x4343434, 0x261a1e28,
    0xb51d212f, 0xff444853, 0xff2f3345, 0xff242b35, 0xff444853, 0xff97aa9f,
    0xffc5d4d0, 0xffd0e0d8, 0xffccdcd3, 0xffbac9c4, 0xffaec3b8, 0xff849888,
    0xff7c9079, 0xff7c9079, 0xff90a278, 0xff90a278, 0xff90a278, 0xff98ab84,
    0xff8fa280, 0xff8f9c74, 0xff5d6a5d, 0xff3b483e, 0xff343947, 0xff343947,
    0xff4a4e62, 0xff4f5569, 0xff3d424e, 0xff353853, 0xff3e3f5f, 0xff3e3f5f,
    0xff565b7e, 0xff78808e, 0xff535c60, 0xbc22252c, 0x3b343434, 0x10343434,
    0x2343434, [5436] = 0x3343434, 0x281a1e28, 0xff343947, 0xff535c60, 0xff727765,
    0xff97a88b, 0xffb9cdb1, 0xffc9d8cd, 0xffd0e0d8, 0xffccdcd3, 0xffc5d4d0,
    0xffc2d1c9, 0xff92a697, 0xff849888, 0xff65746c, 0xff7c9079, 0xff90a278,
    0xff90a278, 0xff90a278, 0xffa2b598, 0xff98ab84, 0xff8fa280, 0xff89977c,
    0xff555f56, 0xff2e3338, 0xff242b35, 0xff2f3345, 0xff2f3345, 0xff1c1e34,
    0xff24283c, 0xff444853, 0xff69785d, 0xff7a8f88, 0xf121252d, 0x60343434,
    0x22343434, 0x7343434, 0x1343434, [5485] = 0x5343434, 0x80141925, 0xff535c60,
    0xffc4d3aa, 0xffb3c397, 0xffc8d4b5, 0xffe6eae2, 0xffc6d7c6, 0xffc6d7c6,
    0xffccdcd3, 0xffccdcd3, 0xffc2d1c9, 0xffaec2aa, 0xff8aa38f, 0xff8aa38f,
    0xff7c9079, 0xff90a278, 0xff90a278, 0xffaec2aa, 0xffbbd2bd, 0xffa2b598,
    0xff8fa280, 0xff8fa280, 0xff849888, 0xff58646b, 0xff242b35, 0xff171c2e,
    0xff343947, 0xff454e35, 0xff58643d, 0xff828a6a, 0xff444853, 0xa223262c,
    0x33343434, 0xf343434, 0x3343434, [5533] = 0x1343434, 0x281a1e28, 0xe8262c34,
    0xffbecea7, 0xffc4d3aa, 0xffdbe4cd, 0xffedefeb, 0xffdbe3dd, 0xffb7c4bb,
    0xffbfcec2, 0xffbbd2bd, 0xffb7caab, 0xffc2d0ae, 0xffc2d0ae, 0xffb5c7a6,
    0xffa9bb9c, 0xffa2b598, 0xff9daf92, 0xff97ab94, 0xffbac9c4, 0xffc0d4c6,
    0xffaec3b8, 0xff97a88b, 0xff8fa280, 0xffa2b598, 0xff849888, 0xff555f56,
    0xff707e5d, 0xff4c583a, 0xff4c583a, 0xff65746c, 0xda1b2029, 0x42343434,
    0x1a343434, 0x6343434, [5582] = 0x6343434, 0xb4161925, 0xff9eaa8e, 0xffd1deb9,
    0xffd6e2c4, 0xffd6e2c4, 0xffd6e2c4, 0xffc0d2b7, 0xffd6e2c4, 0xffdbe4cd,
    0xffc8d4b5, 0xffc4d3aa, 0xffc4d3aa, 0xffc4d3aa, 0xffc4d3aa, 0xffbecea7,
    0xffbecea7, 0xffb3c397, 0xff9bb1a1, 0xffc0d4c6, 0xffdbe3dd, 0xffc0d4c6,
    0xffa2b598, 0xff90a278, 0xff97ab94, 0xff8aa38f, 0xff4f5b40, 0xff4c583a,
    0xff555f56, 0xdc1e222b, 0x551f222a, 0x1c343434, 0x9343434, 0x2343434,
    [5630] = 0x3343434, 0x5f151b26, 0xff4b5455, 0xffb3c4a3, 0xffbecea7, 0xffbcc9a3,
    0xffc4d3aa, 0xffc8d4b5, 0xffc8d4b5, 0xffd6e2c4, 0xffdbe4cd, 0xffd6e2c4,
    0xffc9d7b1, 0xffc9d7b1, 0xffc2d0ae, 0xffbecea7, 0xffbecea7, 0xffbecea7,
    0xffbecea7, 0xffbecea7, 0xffb9cdb1, 0xffd0e0d8, 0xffccdcd3, 0xffa2b598,
    0xff98ab84, 0xff707e5d, 0xff414d2c, 0xff5d6a5d, 0xe021252d, 0x4a343434,
    0x1c343434, 0x8343434, 0x2343434, [5678] = 0x1343434, 0x5343434, 0x7b131825,
    0xe71e232f, 0xff5d6a5d, 0xff9eaa8e, 0xffc4d3aa, 0xffd6e2c4, 0xffcdd9b9,
    0xffc8d4b5, 0xffcdd9b9, 0xffdbe4cd, 0xffd6e2c4, 0xffd1deb9, 0xffcdd9b9,
    0xffc4d3aa, 0xffbecea7, 0xffc4d3aa, 0xffbecea7, 0xffbecea7, 0xffb5c7a6,
    0xffb9cdb1, 0xffccdcd3, 0xffcaddc2, 0xffa9bb9c, 0xff707e5d, 0xff4c583a,
    0xed232630, 0x6521242b, 0x21343434, 0xa343434, 0x2343434, [5727] = 0x1343434,
    0x4343434, 0x261a1e28, 0x7e141925, 0xd0161d29, 0xff4b5455, 0xff89977c,
    0xffc4d3aa, 0xffc4d3aa, 0xffc4d3aa, 0xffd1deb9, 0xffd1deb9, 0xffd1deb9,
    0xffc9d7b1, 0xffc4d3aa, 0xffbecea7, 0xffbecea7, 0xffb3c397, 0xffb3c397,
    0xffb3c397, 0xff8fa280, 0xff98ab84, 0xffa2b598, 0xff8fa280, 0xff89977c,
    0xf6252830, 0x7122252b, 0x26343434, 0xc343434, 0x3343434, [5777] = 0x1343434,
    0x4343434, 0x9343434, 0x7d131925, 0xb6151a28, 0xff343947, 0xff738069,
    0xffb3c397, 0xffc4d3aa, 0xffc4d3aa, 0xffc4d3aa, 0xffc4d3aa, 0xffbecea7,
    0xffb3c397, 0xffaab98a, 0xff97a776, 0xff8f9c74, 0xff98ab84, 0xff85956a,
    0xff69785d, 0xff707e5d, 0xff7b8865, 0xff535c60, 0x851b1f28, 0x26343434,
    0xf343434, 0x4343434, [5827] = 0x1343434, 0x3343434, 0x8343434, 0x56435cae,
    0x6b435dad, 0xffbdccc6, 0xffb3bdb0, 0xffc5cac1, 0xff85956a, 0xff90a278,
    0xff98ab84, 0xff97a776, 0xff90a278, 0xff8f9c74, 0xff90a278, 0xff85956a,
    0xff687851, 0xff58634b, 0xff4f5569, 0xd6485f94, 0x2f343434, 0x1b343434,
    0xa343434, 0x4343434, 0x1343434, [5878] = 0x2343434, 0x8343434, 0xd76b7878,
    0xf15e6a6d, 0xee747e7e, 0xee737d79, 0xf3707c78, 0xe7777f73, 0xf1727a72,
    0xff616c65, 0xff606b64, 0xff626c64, 0xff66706b, 0xf16b7471, 0x34343434,
    0x22343434, 0xf343434, 0x9343434, 0x5343434, 0x2343434, [5949] = 0x100,
    [5951] = 0x300, [5953] = 0xf00, [5955] = 0xf00, [5957] = 0xf00, [5959] = 0xf00, [5961] = 0x1f00,
    0xfc, 0x1f00, 0xfc, 0x1f00, 0xf8, 0xf00,
    0xf0, 0xf00, 0xe0, 0xf00, 0xe0, 0xf00,
    0xe0, 0xf00, 0xe0, 0xf00, 0xe0, 0xf00,
    0xe0, 0xf00, 0xf0, 0xf00, 0xf8, 0xf00,
    0xfc, 0xf00, 0xfe, 0x1f00, 0xfe, 0x3f00,
    0xff, 0x3f00, 0xff, 0x7f00, 0xff, 0xff00,
    0x80ff, 0xff01, 0xe0ff, 0xff03, 0xf8ff, 0xff03,
    0xffff, 0xff0f, 0x28, 0x20, 0x40, 0x200001,
    [6011] = 0x1080, [6016] = 0xff0d101d, 0xff0f1525, 0xff333945, 0xff3e444d, 0xff414557,
    0xff3e454f, 0xff3e4447, 0xff778563, 0xff829169, 0xff718167, 0xff7b9083,
    0xff6d7f7a, 0xff677777, 0xff6c7c7f, 0xff5b5f80, 0xff565b7d, 0xff464b66,
    0xff2c2f48, 0xff181c2c, 0xff121424, 0xff111626, 0xff14192a, 0xff111423,
    0xff18192f, 0xff0b101e, 0xff181a2a, 0xff454964, 0xff98a4aa, 0xffbccbc3,
    0xffc2d1cb, 0xffc0cfca, 0xffc0cfc8, 0xff181d2a, 0xff2b3336, 0xff3a4343,
    0xff424b49, 0xff555f56, 0xff505b46, 0xff565f4e, 0xff576157, 0xff91a58e,
    0xff829787, 0xff889e92, 0xff8a9d96, 0xff586276, 0xff5b6280, 0xff545876,
    0xff2f3348, 0xff0d0f17, 0xff050711, 0xff070917, 0xff0a0c18, 0xff151828,
    0xff181c2e, 0xff090c19, 0xff0c0e1f, 0xff111524, 0xff080b14, 0xff343752,
    0xff838c9b, 0xffbed1c2, 0xffbbcbc1, 0xffbdccc6, 0xffc2d1c9, 0xff3b483e,
    0xff3b483e, 0xff424f42, 0xff56634a, 0xff505c46, 0xff5a6747, 0xff92a387,
    0xff3c474a, 0xff4c575d, 0xff6d7c78, 0xff82938b, 0xff626b76, 0xff444866,
    0xff35394e, 0xff0d101e, 0xff0b0e17, 0xff181b2b, 0xff202337, 0xff171b2c,
    0xff1b1d33, 0xff151924, 0xff121524, 0xff121727, 0xff0c101d, 0xff070d1b,
    0xff02040b, 0xff272840, 0xff646b84, 0xffb8cabd, 0xffb0bfb8, 0xffcadad3,
    0xffc2d6c7, 0xff3b483e, 0xff3b483e, 0xff424f42, 0xff616f52, 0xff748262,
    0xff99ab88, 0xffbaccae, 0xffa4b5a1, 0xff596567, 0xff24263b, 0xff383c50,
    0xff202337, 0xff1c1e35, 0xff101227, 0xff0c0e1a, 0xff262a39, 0xff25273d,
    0xff131521, 0xff0c0e15, 0xff1e2128, 0xff313540, 0xff141724, 0xff0b0d17,
    0xff090c18, 0xff060a17, 0xff05070e, 0xff1c1f30, 0xff4b506f, 0xffb4c4b9,
    0xffbecec1, 0xffcbdbd1, 0xffc4d6ca, 0xff434e42, 0xff4e5947, 0xff5c6856,
    0xff8fa082, 0xffc0d2b2, 0xffc5d6b8, 0xffbfd2b7, 0xffb6caac, 0xff626871,
    0xff353654, 0xff191b2e, 0xff121524, 0xff141725, 0xff0a0c14, 0xff242932,
    0xff292c37, 0xff090a12, 0xff000002, 0xff000000, 0xff040507, 0xff282b3f,
    0xff202436, 0xff0b0d16, 0xff090b11, 0xff0d0f20, 0xff0d111f, 0xff161829,
    0xff3b3d5c, 0xffa8b4b1, 0xffbcd0c2, 0xffbfcec3, 0xffbed2c1, 0xff4f5848,
    0xff68775f, 0xff91a38c, 0xffb4c7a8, 0xffc3d6bb, 0xffbcceb1, 0xffc0d3ba,
    0xff95a798, 0xff2c3044, 0xff121423, 0xff12151e, 0xff262b29, 0xff2b3121,
    0xff222818, 0xff323928, 0xff292a21, 0xff0f110c, 0xff020100, 0xff000000,
    0xff000000, 0xff0e0f1a, 0xff272b3d, 0xff101320, 0xff0a0c17, 0xff101428,
    0xff121625, 0xff121421, 0xff3e4062, 0xff8b989a, 0xffaabeb2, 0xffa2b3a7,
    0xffb7cbb4, 0xff5a675a, 0xff9fb29d, 0xffc4d6bb, 0xffc0d2b7, 0xffb7cbad,
    0xffb4c7a8, 0xff8a968c, 0xff2f3242, 0xff13161e, 0xff22251e, 0xff222819,
    0xff5e5d53, 0xff788267, 0xff586341, 0xff596642, 0xff41482e, 0xff252b18,
    0xff28301a, 0xff1d2215, 0xff11150b, 0xff0a0b0d, 0xff1f222e, 0xff191d2f,
    0xff121523, 0xff0d1222, 0xff04050d, 0xff151621, 0xff414366, 0xff69737d,
    0xff9fb6a3, 0xffafc3b4, 0xff9cac96, 0xff94a48d, 0xffbbceb4, 0xffb9ccad,
    0xffbbccaa, 0xffc1d4b8, 0xffaabfa7, 0xff2e3540, 0xff101422, 0xff2f3523,
    0xff3e462e, 0xff4c543e, 0xffa5ab9b, 0xffacb29b, 0xff8c9871, 0xff747f58,
    0xff5f674e, 0xff3c442b, 0xff384026, 0xff444b38, 0xff424a2f, 0xff222322,
    0xff151728, 0xff1a1f2c, 0xff161a2b, 0xff0d0f1c, 0xff010104, 0xff2d3045,
    0xff4b4e6a, 0xff8c9e92, 0xffb9ceba, 0xffabc0ad, 0xff889983, 0xffb3c4a3,
    0xffb3c5a4, 0xffb3c5a4, 0xffb5c7a6, 0xffb6c8a9, 0xff9fb19e, 0xff1d1f36,
    0xff1b1f27, 0xff5b654d, 0xff505b45, 0xff8a8981, 0xffb8beb3, 0xffb5bea5,
    0xff9ead7e, 0xff97a47b, 0xff848b73, 0xff585946, 0xff5f674f, 0xff66685d,
    0xff919a87, 0xff646e5a, 0xff1f2426, 0xff0c0f1c, 0xff0e111f, 0xff161824,
    0xff4c5169, 0xff676d86, 0xff393e51, 0xff7c8c85, 0xff9baea1, 0xff96aa9b,
    0xff92a094, 0xffaec09f, 0xffafc2a2, 0xffb3c5a4, 0xffb5c8a8, 0xffacbe9f,
    0xff616d66, 0xff161730, 0xff2d3436, 0xff667055, 0xff404833, 0xffc2c6ba,
    0xffdde0d8, 0xffc9d2b7, 0xffa6b488, 0xffacb38e, 0xff9c9d8a, 0xff434938,
    0xff484b40, 0xff77786e, 0xffc5cbc3, 0xff959f8f, 0xff67725a, 0xff21251e,
    0xff292c3a, 0xff4b506b, 0xff545a6b, 0xff3c4155, 0xff5b6869, 0xff5f6e6b,
    0xff464f54, 0xff363f42, 0xff505b51, 0xff8fa18d, 0xffa1b497, 0xffb1c3a2,
    0xffacbe9f, 0xff829187, 0xff1d202f, 0xff20252f, 0xff6e7a65, 0xff5f6a53,
    0xff515950, 0xffdce0da, 0xffe7ebe5, 0xffc5cab5, 0xffafbd91, 0xffcbc6b8,
    0xffcacfbf, 0xff5d5f54, 0xff31352f, 0xff7d877b, 0xffd2dad6, 0xff899084,
    0xff707b61, 0xff75816a, 0xff464e47, 0xff242936, 0xff434a56, 0xff98a99b,
    0xffc0d3b9, 0xffbfd3b8, 0xffa2b6a3, 0xff69755c, 0xff859671, 0xff6a796e,
    0xff6e7c6c, 0xff91a18b, 0xffaabda2, 0xff5c6966, 0xff23292f, 0xff47513a,
    0xff8e9d70, 0xff78866a, 0xffb4bdab, 0xffb5bbaf, 0xffa7b4a9, 0xff7d8978,
    0xff828f72, 0xffaeb2a5, 0xffc0c6bc, 0xffc9cfc4, 0xffa6ac9d, 0xff6f7565,
    0xff858d7f, 0xff606652, 0xffa3aa9e, 0xffc6c9ab, 0xff747d61, 0xff353c34,
    0xff9cad9a, 0xffcedec2, 0xffbfd2b7, 0xffa8bc9e, 0xff809176, 0xff7f9178,
    0xff849b8e, 0xff576454, 0xff4f5a40, 0xff7b8a73, 0xff9aad94, 0xe52c2e30,
    0xd8292c25, 0xff606a4a, 0xffaab98b, 0xff747c67, 0xff565343, 0xff3f392c,
    0xff332d27, 0xff40392f, 0xff2e2822, 0xff221710, 0xff433526, 0xff4f453c,
    0xff5f6055, 0xffa5aa9c, 0xffa5ae9a, 0xff79846e, 0xff98a189, 0xffd4d4b6,
    0xff9aa27f, 0xff2f321d, 0xff515a39, 0xffb7cbaf, 0xff94a395, 0xed2c3137,
    0x901c2029, 0x2c343434, 0x19343434, 0xff616e66, 0xff5f6c56, 0xff9cb094,
    0xff78877a, 0x92343434, 0xff28301a, 0xff5b674a, 0xff899877, 0xffa68151,
    0xffad7540, 0xff7b522d, 0xff53371e, 0xff563b25, 0xff3a2415, 0xff2d1a0b,
    0xff6a4325, 0xff432b1b, 0xff35271c, 0xff574632, 0xff727365, 0xffb9beb1,
    0xff919885, 0xff919a72, 0xff8b966b, 0xff393c25, 0xff313a20, 0xff647264,
    0xf72d3238, 0x7422252c, 0x29343434, 0xc343434, 0x4343434, 0xff6b7873,
    0xff7a887d, 0xff8b9885, 0xd934393d, 0x4c343434, 0xc7282d20, 0xff84927a,
    0xffa69778, 0xfffcce85, 0xffeeb266, 0xffc58748, 0xff9d6839, 0xffb97b3c,
    0xff684324, 0xff714622, 0xffa86f3a, 0xff9e6533, 0xff7b4d25, 0xff8c5626,
    0xff693f1a, 0xff676052, 0xffcfcfc8, 0xff878c76, 0xff66734c, 0xff343d21,
    0xff363f25, 0xf92b2e32, 0xb3292a2e, 0x44343434, 0x11343434, 0x3343434,
    [6496] = 0xff6178a8, 0xff708283, 0xe94a5354, 0x37343434, 0x2c343434, 0xd7282d24,
    0xffaaada0, 0xffdcc4a5, 0xfffbe8c1, 0xfffddfa7, 0xfff1b465, 0xffe7a75a,
    0xffeeb061, 0xffd09755, 0xffc98d4c, 0xffebac5e, 0xffd7944e, 0xffc78a49,
    0xffcd8c47, 0xffbc7b39, 0xff7c4c24, 0xff92866a, 0xffced2cb, 0xff61694f,
    0xff262c18, 0xff3a4429, 0xfa2d3131, 0x99343434, 0x33343434, 0x9343434,
    [6528] = 0x6343434, 0xa343434, 0x261c1f29, 0xb343434, 0x18343434, 0xff313a3b,
    0xff9d9d8f, 0xffe9dcc2, 0xfff1ede4, 0xffc8ae90, 0xffc69762, 0xfff6cb8a,
    0xffffdfa2, 0xfff9c67a, 0xffca8e4d, 0xff9c7044, 0xffb77e46, 0xffe5a75b,
    0xfff4b564, 0xfff1b161, 0xffc7843e, 0xff8a5a2a, 0xffa5a7a3, 0xff9aa199,
    0xff3b442d, 0xff8c9b7b, 0xf82d3037, 0x62343434, 0x24343434, 0x7343434,
    [6564] = 0x10343434, 0xff363d47, 0xffa5a089, 0xfff9dcae, 0xffa9a199, 0xff6e635d,
    0xff8f7968, 0xfff1e1cb, 0xfffeedc4, 0xfffeda99, 0xffd2a061, 0xff63432a,
    0xff5d3d27, 0xff8c6440, 0xffdc9953, 0xffeba859, 0xffc98541, 0xff985e28,
    0xff716a63, 0xffa0aaa2, 0xff606e5c, 0xff333d42, 0xc02b2c30, 0x53343434,
    0x1c343434, 0x7343434, [6594] = 0x2343434, 0x5343434, 0x17343434, 0xff39414a,
    0xffc7bfa9, 0xffd7ae7b, 0xff493220, 0xff5b544b, 0xff8c8480, 0xfff2f0eb,
    0xfffffef9, 0xfffefaee, 0xffe9cea0, 0xff7f5a39, 0xff5f412a, 0xff65482c,
    0xff835732, 0xffca8d4c, 0xffc78541, 0xff975d29, 0xff755536, 0xff81867d,
    0xff7c8e83, 0xff242c37, 0xca343434, 0x6a343434, 0x27343434, 0x8343434,
    0x1343434, [6625] = 0x1343434, 0x6343434, 0x16343434, 0x35343434, 0xff2c3436,
    0xffcab8a5, 0xff917b66, 0xff302015, 0xff3a2a1e, 0xff7e6754, 0xffe1c6a9,
    0xffe9d2b6, 0xfff1dfcc, 0xffe8dfd0, 0xff877360, 0xff544335, 0xff574332,
    0xff583f2d, 0xff825732, 0xffcc8843, 0xffb67635, 0xffba7b3b, 0xff725437,
    0xff626f63, 0xff4b5554, 0xe42b2c30, 0xa3343434, 0x3d343434, 0x11343434,
    0x2343434, [6657] = 0x1343434, 0xe343434, 0x2f343434, 0x8b26282d, 0xf1282a29,
    0xff938372, 0xff45352b, 0xff23140b, 0xff292017, 0xff472e1a, 0xff88572b,
    0xff6b3b15, 0xff6d401c, 0xffad9579, 0xff5a5c5c, 0xff36362a, 0xff3b372b,
    0xff3e3a2f, 0xff3e2f22, 0xff6e4926, 0xffc98945, 0xffde994d, 0xffcb8846,
    0xff6f5944, 0xff40473e, 0xfd2f3137, 0xbd343434, 0x62343434, 0x1a343434,
    0x3343434, [6689] = 0x1343434, 0x11343434, 0xc5222534, 0xff5a6272, 0xff5b636b,
    0xff717576, 0xff4c5051, 0xff201e1d, 0xff150d08, 0xff1c170c, 0xff251e12,
    0xff160e07, 0xff0f0b07, 0xff332b21, 0xff3b3f38, 0xff313439, 0xff302e30,
    0xff2b2b28, 0xff27231d, 0xff271d0e, 0xff754f2a, 0xffcc8b47, 0xffbc7938,
    0xff7f5f38, 0xff212618, 0xff4d5053, 0xd9292a2f, 0x6b343434, 0x21343434,
    0x4343434, [6721] = 0x1343434, 0x60161b26, 0xff525a69, 0xffc1c9d5, 0xff99a3b2,
    0xff757e8d, 0xff97a1b1, 0xffb5becd, 0xff677073, 0xff060705, 0xff0b0b0a,
    0xff121412, 0xff101111, 0xff4b5155, 0xffb0bdc0, 0xffa7b4b9, 0xff929da9,
    0xff96a1ac, 0xff8a93a2, 0xff6c7484, 0xff51545a, 0xff674d3d, 0xff734924,
    0xff483521, 0xff090a08, 0xff404849, 0xd7282a2f, 0x69343434, 0x20343434,
    0x4343434, [6753] = 0x1343434, 0x251a1e28, 0xff2d3345, 0xff929aaa, 0xff737b8a,
    0xff4a505f, 0xff545b64, 0xff8e96a5, 0xff656c77, 0xff1b1e1f, 0xff272b27,
    0xff242a28, 0xff2a2f2e, 0xff2c3135, 0xff7b8492, 0xff6b7580, 0xff61687b,
    0xff707c83, 0xff7b859a, 0xff8b93a3, 0xff99a2b4, 0xff7b8096, 0xff5d5867,
    0xff363434, 0xff0b0b0a, 0xff394148, 0xd027292e, 0x59343434, 0x18343434,
    0x2343434, [6786] = 0x4343434, 0x5f151b26, 0xe7232839, 0xff464b5f, 0xff373b49,
    0xff323646, 0xff707a7a, 0xffaab8b2, 0xffb2c3bd, 0xff94a6a2, 0xff5e6b66,
    0xff76866c, 0xff8e9c77, 0xff8ba083, 0xff6d7b6e, 0xff606a60, 0xff464e54,
    0xff434b52, 0xff4e546a, 0xff666d82, 0xff515571, 0xff555a7c, 0xff595e80,
    0xff4e5469, 0xff3d4751, 0xb125282d, 0x3b343434, 0xf343434, 0x1343434,
    [6818] = 0x1343434, 0x4343434, 0x291b1f29, 0xe82a2f3b, 0xff4c5356, 0xff6f796c,
    0xffb6c8b6, 0xffcddcd4, 0xffc8d8d0, 0xffbdcdc6, 0xff899d8d, 0xff738576,
    0xff879a78, 0xff90a278, 0xff95a882, 0xff97a884, 0xff798970, 0xff566058,
    0xff30353f, 0xff363b4c, 0xff2e3244, 0xff292c44, 0xff4c525c, 0xff71807e,
    0xf1262a32, 0x66343434, 0x23343434, 0x7343434, [6852] = 0x5343434, 0x82141925,
    0xff6d786e, 0xffbbcba1, 0xffd7dfca, 0xffd6e0d5, 0xffc3d2c6, 0xffc6d8cc,
    0xffbbccb8, 0xffa4b89f, 0xff93a990, 0xff92a583, 0xff9aad8c, 0xffb3c8b5,
    0xffa5b9a0, 0xff94a788, 0xff809181, 0xff525f5e, 0xff353c41, 0xff47503e,
    0xff606b4b, 0xff484f4f, 0xae20242b, 0x33343434, 0x11343434, 0x3343434,
    [6884] = 0x2343434, 0x5f151b26, 0xff464e4c, 0xffc0ceaa, 0xffd9e3ca, 0xffd9e3cd,
    0xffc2d2bc, 0xffcfddc6, 0xffc2d1af, 0xffc3d2ab, 0xffbdcda7, 0xffb6c7a3,
    0xffafc09c, 0xffa6b9a5, 0xffc4d5c9, 0xffbacbbc, 0xff99ac8b, 0xff92a58b,
    0xff6e7f6b, 0xff505c3f, 0xff444e47, 0xd61f242d, 0x39343434, 0x18343434,
    0x6343434, 0x1343434, [6916] = 0x1343434, 0x7343434, 0xb21a212c, 0xff677269,
    0xffa4b292, 0xffbecca5, 0xffcbd7b8, 0xffcedabc, 0xffd6e1c6, 0xffd0ddbc,
    0xffc9d7b3, 0xffc1d0ab, 0xffbecea7, 0xffbecea7, 0xffbbcda9, 0xffc2d4c1,
    0xffc2d3c4, 0xffa3b694, 0xff616e4e, 0xff455043, 0xc51d212a, 0x39343434,
    0x18343434, 0x7343434, 0x2343434, [6949] = 0x2343434, 0x241a1e28, 0x6e171c27,
    0x5e2e3438, 0xe85a635c, 0xffaebc9d, 0xffc5d3ae, 0xffcbd8b4, 0xffd3dfbd,
    0xffcedbb7, 0xffc6d4ad, 0xffbecea7, 0xffb9c9a0, 0xffb5c59c, 0xffa4b794,
    0xffabbda0, 0xff9fb292, 0xe14c5248, 0xbd21252c, 0x38343434, 0x18343434,
    0x7343434, 0x1343434, [6982] = 0x1343434, 0x2343434, 0x5343434, 0xa343434,
    0x5b2d385b, 0x824b5971, 0xff99aba6, 0xffa7b599, 0xffb0bf96, 0xffb1c29a,
    0xffa6b689, 0xff98a87a, 0xff909f77, 0xff82936a, 0xff63705a, 0xf1596460,
    0x6d394259, 0x5027314f, 0x11343434, 0x8343434, 0x2343434, [7017] = 0x1343434,
    0x2343434, 0x8343434, 0xb88b9878, 0xbc879576, 0xc0849173, 0xc2849073,
    0xc2849073, 0xc2849073, 0xc2849073, 0xc2849073, 0xc1849173, 0x27343434,
    0x19343434, 0xa343434, 0x4343434, 0x1343434, [7054] = 0x1000000, 0x3000000,
    0x3000000, 0x30000f0, 0x10000c0, 0x1000080, 0x1000080, 0x1000080,
    0x1000080, 0x1000080, 0x10000c0, 0x30000c0, 0x30000f0, 0x30000f0,
    0x70000f0, 0xf0000f8, 0x1f0000fc, 0x3f0080ff, 0x28, 0x18,
    0x30, 0x200001, [7077] = 0x960, [7082] = 0xff0d111e, 0xff232838, 0xff3c424c,
    0xff454a55, 0xff363c45, 0xff707d5f, 0xff81906a, 0xff768979, 0xff728481,
    0xff697979, 0xff5f687f, 0xff585e80, 0xff3b4057, 0xff191c2e, 0xff131527,
    0xff151a2c, 0xff111523, 0xff15172b, 0xff0b101b, 0xff2b2d44, 0xff87919c,
    0xffbccbc3, 0xffc4d3ce, 0xffbfcec7, 0xff2d3738, 0xff3b483e, 0xff4b5647,
    0xff525e4c, 0xff6f7d5d, 0xff3d4646, 0xff7d9188, 0xff8ea493, 0xff8a9b96,
    0xff505575, 0xff464b63, 0xff141722, 0xff080b15, 0xff101122, 0xff0d101e,
    0xff0f111f, 0xff141829, 0xff0a0d1c, 0xff0c101e, 0xff141625, 0xff666c82,
    0xffbacfc0, 0xffb8c6c1, 0xffc3d5c9, 0xff3b483e, 0xff3e4b40, 0xff5a684e,
    0xff6e7c5d, 0xffabbd98, 0xff9aab9a, 0xff414a52, 0xff363a4c, 0xff2a2d42,
    0xff1e2038, 0xff0b0e1d, 0xff1d202f, 0xff25283d, 0xff10121b, 0xff1e212b,
    0xff2a2f3a, 0xff0e111d, 0xff0a0d19, 0xff060b18, 0xff0a0c14, 0xff484d6b,
    0xffb6c4b9, 0xffc6d6cb, 0xffc6d8cc, 0xff475245, 0xff515d4d, 0xff91a184,
    0xffc2d4b5, 0xffc2d4b9, 0xffb8ccaf, 0xff515665, 0xff23253c, 0xff131625,
    0xff11141f, 0xff171a20, 0xff282b33, 0xff07080d, 0xff000000, 0xff020304,
    0xff272a3e, 0xff141824, 0xff090b11, 0xff0f1123, 0xff0b0e1b, 0xff383a59,
    0xffaab9b5, 0xffb7c9be, 0xffbed1c2, 0xff556151, 0xffa2b59d, 0xffbdcfb2,
    0xffbccfb3, 0xffbbceb1, 0xff6e797a, 0xff181b2c, 0xff121415, 0xff34352d,
    0xff4a5438, 0xff3a4428, 0xff3a4029, 0xff191d10, 0xff0e110a, 0xff040503,
    0xff0c0e15, 0xff222536, 0xff0d101c, 0xff0d1323, 0xff05060d, 0xff3f4163,
    0xff849195, 0xff94aa9a, 0xffb2c4ae, 0xff92a28c, 0xffbed1b5, 0xffbbcdad,
    0xffbed1b3, 0xff77857c, 0xff121626, 0xff2c3222, 0xff394129, 0xff919887,
    0xffa7ad96, 0xff758258, 0xff636b4f, 0xff394127, 0xff3d452e, 0xff383f29,
    0xff18181b, 0xff1d2131, 0xff161a2b, 0xff0b0d19, 0xff090a11, 0xff4b4e6c,
    0xff94a69a, 0xffb9ceba, 0xff899a85, 0xffb3c4a3, 0xffb3c4a3, 0xffb5c7a6,
    0xffb6c8a8, 0xff586367, 0xff181c28, 0xff5b654d, 0xff65685b, 0xffbcc2b8,
    0xffb5bea1, 0xff9aa97b, 0xff8d947b, 0xff555b44, 0xff696d60, 0xff8b9483,
    0xff5e6753, 0xff141720, 0xff0d101d, 0xff252738, 0xff6c738b, 0xff35394f,
    0xff6d7a77, 0xff96ab9e, 0xff7e8b80, 0xffa6b89c, 0xffafc1a1, 0xffb2c4a4,
    0xff8f9e8b, 0xff121426, 0xff424a49, 0xff535d45, 0xff848a7d, 0xffe6eae5,
    0xffc5cdb2, 0xffadb48d, 0xffb4b5a2, 0xff32342c, 0xff505149, 0xffd4d9d4,
    0xff939e8f, 0xff667255, 0xff373c40, 0xff3a3f53, 0xff3d4352, 0xff97a898,
    0xff99ad9e, 0xff4a5351, 0xff5d6a57, 0xff6f7e72, 0xff85947f, 0xffa9bca0,
    0xff505c5d, 0xff272d2d, 0xff85936a, 0xff768367, 0xffc2c9be, 0xffb9c2b9,
    0xff88937c, 0xffa7ae98, 0xffc7cdc4, 0xffbfc5b7, 0xff6e7464, 0xff8b9487,
    0xff686a5b, 0xffb5bda7, 0xff7c856b, 0xff3b423f, 0xffc1d3ba, 0xffc1d4b9,
    0xffa5b99c, 0xff829274, 0xff889d88, 0xff546150, 0xff606d54, 0xff9aae95,
    0xf4292c2d, 0xff303823, 0xffa5b586, 0xff6c6f5b, 0xff524532, 0xff392f26,
    0xff41372c, 0xff261d16, 0xff43301f, 0xff463c33, 0xff727669, 0xffadb3a2,
    0xff7c8571, 0xffbcc1a4, 0xffa4aa88, 0xff31341e, 0xff82906e, 0xff90a093,
    0xe9232831, 0x8b1c2029, 0x31343434, 0xff66746e, 0xff85927c, 0xff69766d,
    0xa9262929, 0xff3d472f, 0xff8d9277, 0xffe5ad66, 0xffbf8246, 0xff744c28,
    0xff7e5229, 0xff27150a, 0xff80522c, 0xff694325, 0xff5b391e, 0xff513b23,
    0xffa8aca1, 0xff949a85, 0xff79875b, 0xff3b4528, 0xff394235, 0xe824272d,
    0x74343434, 0x2b343434, 0xd343434, 0xff677b9a, 0xff78877b, 0x6d252930,
    0xb01d2124, 0xff666d5e, 0xffcdbb9e, 0xfffce4b4, 0xfff9c67c, 0xffe1a057,
    0xffeaac5f, 0xffaf763e, 0xffe7a65a, 0xffcd8b48, 0xffc08343, 0xffb87837,
    0xff724a27, 0xffc9cbc0, 0xff6b7458, 0xff29301a, 0xff3b4433, 0xcf25272d,
    0x5c343434, 0x1a343434, 0x4343434, 0x7343434, 0x411b1f2a, 0x12343434,
    0x75191d27, 0xff646e68, 0xffe3d3b8, 0xffe5dfd3, 0xffa98663, 0xffefc487,
    0xffffdfa2, 0xffeaad60, 0xff91663d, 0xffae7842, 0xffecab5d, 0xfff4b564,
    0xffc7833e, 0xff7a644d, 0xffadb4af, 0xff4e593d, 0xff5e6961, 0xb521242b,
    0x40343434, 0x14343434, 0x2343434, [7395] = 0x3343434, 0xc343434, 0x73181d27,
    0xff747b75, 0xfff5d09b, 0xff6d6054, 0xff655e5a, 0xffede5da, 0xfffef6e1,
    0xfffee3ae, 0xff7f5835, 0xff5d3e25, 0xff885f3c, 0xffdb9a52, 0xffbb7a3a,
    0xff764c28, 0xff8e9791, 0xff65736c, 0xed26282d, 0x93343434, 0x3e343434,
    0x13343434, 0x2343434, [7419] = 0x5343434, 0x1c343434, 0x831a1f28, 0xff817e74,
    0xffad957e, 0xff322116, 0xff4e3d33, 0xffe0cbb3, 0xffefddc7, 0xfff6efe2,
    0xff9a8068, 0xff574434, 0xff58412e, 0xff835833, 0xffc78440, 0xffb87837,
    0xff775a3a, 0xff6d7c6f, 0xf32a2c31, 0xb3343434, 0x53343434, 0x14343434,
    0x1343434, [7443] = 0x7343434, 0x2b343434, 0xcb1e2129, 0xff5b5849, 0xff4c3c31,
    0xff20130a, 0xff2a1d14, 0xff774d29, 0xff5e3414, 0xff7d5939, 0xff61605c,
    0xff333125, 0xff373429, 0xff3c2f23, 0xff6f4926, 0xffe39e52, 0xffca8743,
    0xff675642, 0xff434943, 0xca282a2e, 0x5c343434, 0x17343434, 0x2343434,
    [7467] = 0x7343434, 0xe82d3443, 0xffa2abb9, 0xff848d9d, 0xff848f98, 0xff626971,
    0xff1a1b16, 0xff0b0b05, 0xff060704, 0xff101110, 0xff828b87, 0xff7f878d,
    0xff636a72, 0xff54595e, 0xff323233, 0xff725131, 0xff9f642d, 0xff564127,
    0xff323630, 0xce2b2d31, 0x54343434, 0x1b343434, 0x3343434, [7491] = 0x7343434,
    0xe62c3241, 0xff969eae, 0xff5f6775, 0xff555b68, 0xffa2a9b8, 0xff2c3135,
    0xff232624, 0xff262b29, 0xff222628, 0xff858d9a, 0xff89929d, 0xff848c98,
    0xff8c96a4, 0xff939cad, 0xff8a92a8, 0xff5b5259, 0xff2f2c28, 0xff262a2b,
    0xbd343434, 0x62343434, 0x19343434, 0x2343434, [7515] = 0x4343434, 0x5f151b26,
    0xe7232839, 0xff414655, 0xff313644, 0xff85928e, 0xffbdcdc6, 0xffa0b1ad,
    0xff748179, 0xff96a484, 0xff9eae92, 0xff899586, 0xff6a746a, 0xff41484f,
    0xff4d5369, 0xff595e72, 0xff4c5071, 0xff54597b, 0xff555e68, 0xca25272d,
    0x4f343434, 0x14343434, 0x1343434, [7539] = 0x1343434, 0x4343434, 0x46181d27,
    0xff373f49, 0xffa0ad8c, 0xffccd8c5, 0xffcadacd, 0xffc7d7cf, 0xffa3b6a6,
    0xff8ea091, 0xff9dac8d, 0xffa6b697, 0xffaabca0, 0xff8e9b84, 0xff4d585a,
    0xff262b3b, 0xff2e333b, 0xff616b55, 0xff343f48, 0x9221242b, 0x2c343434,
    0xd343434, 0x1343434, [7565] = 0x8343434, 0xb6171c28, 0xffbccaa6, 0xffdde5d0,
    0xffcad6c4, 0xffcad9c4, 0xffc1d0ae, 0xffbfcfaa, 0xffb3c4a1, 0xffa9ba99,
    0xffb5c8bc, 0xffb9c8ba, 0xffa2b395, 0xff8b9c8c, 0xff576446, 0xff444f48,
    0xb61d2029, 0x33343434, 0x13343434, 0x5343434, [7589] = 0x4343434, 0x9051555d,
    0xff636c6c, 0xff9daa8d, 0xffc9d7b3, 0xffccd8b9, 0xffd6e0c5, 0xffcedbb7,
    0xffc4d2ae, 0xffbfcfa7, 0xffbecea7, 0xffbdd0b8, 0xffc1d2c0, 0xff96a486,
    0xff454f42, 0xb81e222a, 0x35343434, 0x15343434, 0x6343434, 0x1343434,
    [7613] = 0x1343434, 0x6343434, 0x9151555d, 0xe56e727a, 0xff697073, 0xff8b9781,
    0xffc3d1a9, 0xffcad8b1, 0xffc3d2ab, 0xffb6c69b, 0xffa3b286, 0xff9aab84,
    0xff8e9e80, 0xff8b9783, 0xc5171d28, 0x2e343434, 0x16343434, 0x7343434,
    0x1343434, [7638] = 0x1343434, 0x4343434, 0x8343434, 0xb343434, 0xe343434,
    0x13343434, 0xffdee4ea, 0xff9aa9af, 0xffb4bab4, 0xff98a191, 0xff97a3a1,
    0xffd9dee9, 0x34343434, 0x20343434, 0xc343434, 0x5343434, 0x2343434,
    [7671] = 0x80, 0x80, 0x80, 0x80, 0x80, 0x80,
    0x80, 0x100e0, 0x100e0, 0x300e0, 0x700f0, 0x28,
    0x10, 0x20, 0x200001, [7687] = 0x440, [7692] = 0xff181d28, 0xff3b4347,
    0xff495150, 0xff596254, 0xff819379, 0xff7e9289, 0xff616e7b, 0xff4d516f,
    0xff212435, 0xff0f1120, 0xff141929, 0xff0f1223, 0xff0f1320, 0xff656c7f,
    0xffbecec4, 0xffc0cfc8, 0xff3b483e, 0xff4f5c48, 0xff6e7c5e, 0xff8b9b88,
    0xff4d585e, 0xff4f5762, 0xff292d44, 0xff131522, 0xff1c1e30, 0xff171a27,
    0xff1b1e2b, 0xff0c101d, 0xff050913, 0xff3d4159, 0xffb7c7bc, 0xffc7d8cd,
    0xff525e4c, 0xff8c9c83, 0xffc1d3b6, 0xffb3c5ad, 0xff35394b, 0xff191c26,
    0xff1b1f1d, 0xff2a2e2d, 0xff070708, 0xff010102, 0xff1f2233, 0xff0b0d17,
    0xff0f1323, 0xff282a42, 0xffa6b7b0, 0xffb5c8b8, 0xff92a38e, 0xffbed0b2,
    0xffb6c9ad, 0xff3e454c, 0xff282e24, 0xff5c6151, 0xff828c6d, 0xff5b6546,
    0xff303821, 0xff2d3322, 0xff181a21, 0xff171b2a, 0xff080a14, 0xff34364e,
    0xff93a59b, 0xffa0b29e, 0xffb1c2a2, 0xffb4c6a5, 0xff99a993, 0xff1f2231,
    0xff545e46, 0xffb8bcb2, 0xffb1bc99, 0xff99a082, 0xff505543, 0xff8d9185,
    0xff60695a, 0xff191c25, 0xff404559, 0xff4e5565, 0xff6f7e79, 0xff6b7970,
    0xff82927f, 0xffa6b89c, 0xff485153, 0xff59634f, 0xff77826e, 0xffc8cec6,
    0xff9da88c, 0xffc1c3b6, 0xff7f8479, 0xff91998d, 0xff7f8675, 0xff7d856f,
    0xff4e5756, 0xffb9cbb3, 0xffa2b59c, 0xff7c8d75, 0xff596654, 0xff8a9c85,
    0xed272b28, 0xff7b8866, 0xff87714f, 0xff503c28, 0xff3f3023, 0xff3f2a1a,
    0xff4a3e32, 0xff858473, 0xff979e8b, 0xffa3a984, 0xff3a4127, 0xff768479,
    0xde1f232c, 0x56343434, 0xff6d7e87, 0xe8444d4d, 0xc9222624, 0xffaca68e,
    0xfff8d295, 0xffcf9250, 0xffb88146, 0xffb37b41, 0xffad743c, 0xffa06730,
    0xff91806a, 0xff878f77, 0xff323b22, 0xe9272a2e, 0x72343434, 0x2f343434,
    0x8343434, 0x17343434, 0xc1232831, 0xffc9bda2, 0xffb4a89a, 0xffcfaf88,
    0xfffddb9e, 0xffa77947, 0xffa17242, 0xffebaa5c, 0xffad7034, 0xff949790,
    0xff576351, 0xd92b2d30, 0x6e343434, 0x28343434, 0x2343434, 0x17343434,
    0xc5232930, 0xffbea88c, 0xff433428, 0xffb7a89a, 0xfff6eada, 0xffb69e82,
    0xff5c442f, 0xff8a5f37, 0xffb87839, 0xff896a49, 0xff53605c, 0xdd292a2f,
    0x88343434, 0x2e343434, 0x2343434, 0x331e222b, 0xff373d47, 0xff655f59,
    0xff201812, 0xff442e19, 0xff3f250f, 0xff5d574b, 0xff35342f, 0xff332e26,
    0xff754f29, 0xffcc8945, 0xff544935, 0xf12c2f34, 0x8c343434, 0x31343434,
    0x2343434, 0x7a272c38, 0xff98a0af, 0xff6a7380, 0xff848c97, 0xff151715,
    0xff1c1f1e, 0xff687177, 0xff818b97, 0xff838d9b, 0xff787f8d, 0xff6d5b58,
    0xff25201a, 0xee2c3034, 0x7e343434, 0x28343434, 0x2343434, 0x4b171b27,
    0xa7292e3a, 0xff494f54, 0xffa7b6ae, 0xffb3c3bd, 0xff748575, 0xff8c9e7a,
    0xff7e8d75, 0xff56605b, 0xff464c5e, 0xff3f435d, 0xff596171, 0xde282b31,
    0x52343434, 0x1a343434, [7901] = 0x5343434, 0x6b151a26, 0xff8c9881, 0xffd8e1ce,
    0xffc7d6c5, 0xffb9caac, 0xffa6b897, 0xffa9bba0, 0xffaec0ab, 0xff7f907d,
    0xff4e5a4a, 0xff3f4943, 0x8822252c, 0x2c343434, 0xd343434, [7917] = 0x71b2029,
    0x49161b26, 0x63282e34, 0xff7c8875, 0xffc3d0b0, 0xffd1ddbd, 0xffc8d6b0,
    0xffbdcda5, 0xffb6c7a6, 0xffacbea3, 0xff485345, 0xb1171b27, 0x2b343434,
    0x13343434, 0x5343434, [7934] = 0x2343434, 0x5343434, 0xc343434, 0xff4766bf,
    0xff7b93ba, 0xff899e99, 0xff839076, 0xff7c8b77, 0xff5b7295, 0x34343434,
    0x20343434, 0xb343434, 0x5343434, 0x1343434, [7961] = 0x80, 0x80,
    0xc0, 0x10000, 0x3030000c, 0x10010, 0x6680004, 0x10000,
    0x102020, 0x40001, 0x2e8, 0x18180002, 0x10010, 0x1e80004,
    0x30000, 0x101010, 0x40001, 0x128, 0x30300004, 0x10000,
    0xea80008, 0x50000, 0x2020, 0x80001, 0x8a8, 0x18180006,
    0x10000, 0x6c80008, 0x70000, 0x1010, 0x80001, 0x568,
    0x30300008, 0x10000, 0x25a80020, 0x90000, 0x2020, 0x200001,
    0x10a8, 0x1818000a, 0x10000, 0x9880020, 0xb0000, 0x1010,
    0x200001, 0x468, 0xc, 0x28, 0x30, 0x60,
    0x40001, [8013] = 0x480, [8019] = 0x800000, 0x8000, 0x808000, 0x80,
    0x800080, 0x8080, 0x808080, 0xc0c0c0, 0xff0000, 0xff00,
    0xffff00, 0xff, 0xff00ff, 0xffff, 0xffffff, 0x400000,
    0x40000440, 0x40404040, 0x40404040, 0x4404040, 0x40004000, 0x40000404,
    0x42600006, 0x70774042, 0x42427261, 0x2240442, 0x40440, 0x6246000,
    0x4050404, 0x74780314, 0x14148807, 0x40414205, 0x40024342, 0x4700540,
    0x24242514, 0x87884860, 0x46828807, 0x6060506, 0x4400714, 0x6772704,
    0x41400404, 0x87887842, 0x5787768, 0x4046440, 0x40707702, 0x4774700,
    0x46071606, 0x87748807, 0x72787477, 0x24650447, 0x42707750, 0x70703740,
    0x4644450, 0x7477f778, 0x87474337, 0x40066504, 0x40706725, 0x3746704,
    0x53060746, 0x73168488, 0x78300047, 0x65414670, 0x24756721, 0x60717800,
    0x38444670, 0x65654388, 0x77747770, 0x460777, 0x4775752, 0x7775746,
    0x88345406, 0x73774787, 0x7878843, 0x61417478, 0x40766761, 0x70574200,
    0x88082450, 0x77774777, 0x77878765, 0x16207047, 0x52407707, 0x77244442,
    0x86584321, 0x87672174, 0x778707, 0x41527073, 0x44244477, 0x57564241,
    0x57062070, 0x74710441, 0x7707603, 0x67010400, 0x42434776, 0x64404406,
    0x205077, 0x63007077, 0x77070050, 0x35060304, 0x44447064, 0x64657040,
    0x30147427, 0x7806, 0x87180000, 0x70251402, 0x42434665, 0x56640446,
    0x207757, 0x7007675, 0x77670077, 0x77570770, 0x45464746, 0x7466505,
    0x4757688, 0x68050072, 0x77007787, 0x78427270, 0x46436470, 0x57560646,
    0x30774787, 0x57760004, 0x3707787, 0x7415356, 0x60444777, 0x78645440,
    0x60657577, 0x37047400, 0x50777377, 0x60616161, 0x54564687, 0x68746064,
    0x77776774, 0x74277552, 0x82087873, 0x10347452, 0x64646577, 0x57466441,
    0x76471776, 0x57f74207, 0x77807f77, 0x27607177, 0x60454677, 0x47474746,
    0x53766587, 0x67777846, 0x778f7878, 0x57436375, 0x6574747c, 0x64646441,
    0x74677778, 0x88777714, 0x80888888, 0x87617177, 0x44464666, 0x47474364,
    0x705787c6, 0x88787763, 0x878888f8, 0x6c082777, 0x7474747c, 0x64644443,
    0x76658777, 0xf88f7617, 0x8788fff8, 0x74185677, 0x46646574, 0x65656544,
    0x50768767, 0x8f887767, 0x88888ff8, 0x77777070, 0x6565746c, 0x74444661,
    0x205787c8, 0x8f877774, 0x88f888ff, 0x74377473, 0x64646574, 0x67644146,
    0x14648767, 0x8f787877, 0x88ff88f8, 0x76773474, 0x567464c7, 0x54746440,
    0x43528767, 0x88887766, 0x888888ff, 0x76777087, 0x44464756, 0x67644443,
    0x657747, 0xf8887775, 0x888ff8f8, 0x7c777780, 0x42476465, 0x46656144,
    0x6705747, 0x8f887756, 0xf888f8f8, 0x74767780, 0x45646574, 0x56464406,
    0x1067456, 0xf88f7767, 0x88888fff, 0x7770080, 0x42475646, 0x64646141,
    0x52306065, 0xff887776, 0x8888f8f8, 0x74070787, 0x4466465, 0x43614442,
    0x70071670, 0x8f8f6747, 0x888888ff, 0x77617078, 0x64454746, 0x65140604,
    0x43776160, 0xff8f7707, 0x878887f8, 0x7048716, 0x40425674, 0x71425442,
    0x60704761, 0xf8786707, 0x878880f8, 0x43730821, 0x42254477, 0x40170604,
    0x7417706, 0x8f784707, 0x8788888f, 0x40770407, 0x64403447, 0x25744042,
    0x776725, 0x88787643, 0x83888888, 0x76773740, 0x4077610, 0x4521604,
    0x70675470, 0x88787704, 0x80888f88, 0x77447716, 0x4540706, 0x30042704,
    0x77746474, 0xff786700, 0x70f8f88f, 0x47645477, 0x60700707, 0x47101604,
    0x47465260, 0xf8781770, 0x7f88fff, 0x67706474, 0x40704070, 0x70475206,
    0x64410456, 0xff780767, 0x77f7f8ff, 0x14444246, 0x14767277, 0x6347400,
    0x40674304, 0xff786754, 0x46878fff, 0x60647541, 0x2657540, 0x40003404,
    0x74444742, 0x8f780724, 0x3484f8ff, 0x40524606, 0x4764060, 0x24604000,
    0x42434310, 0xff486445, 0x4664f88f, 0x5747056, 0x40002004, 0x40004,
    0x4644060, 0x77240406, 0x4524077, 0x20040704, 0x404040, 0x50002400,
    0x25142440, 0x4040504, 0x43242404, 0x4044442, 0x40020420, 0x24400004,
    0x42400004, 0x42424242, 0x40400546, 0x14600040, 0x14403004, [8418] = 0x28,
    0x20, 0x40, 0x40001, [8423] = 0x200, [8429] = 0x800000, 0x8000,
    0x808000, 0x80, 0x800080, 0x8080, 0x808080, 0xc0c0c0,
    0xff0000, 0xff00, 0xffff00, 0xff, 0xff00ff, 0xffff,
    0xffffff, 0x40000400, 0x24040404, 0x4040404, 0x44000, 0x4420004,
    0x85070624, 0x42427267, 0x4406040, 0x4047704, 0x87784116, 0x50507718,
    0x774061, 0x24047700, 0x77876540, 0x64747777, 0x4762504, 0x41167642,
    0x76772865, 0x6772574, 0x6770056, 0x46217507, 0x71748842, 0x74777261,
    0x70373404, 0x50427740, 0x77478777, 0x74778708, 0x44770734, 0x24704706,
    0x77075778, 0x72407777, 0x24444743, 0x50774040, 0x16065606, 0x1340707,
    0x50067704, 0x36444643, 0x710710, 0x4730700, 0x64440637, 0x77676544,
    0x67400743, 0x7770577, 0x16747447, 0x77771406, 0x57020074, 0x43277087,
    0x44467703, 0x74776444, 0x25650777, 0x74707777, 0x46476734, 0x67776461,
    0x76476177, 0x16778777, 0x50467710, 0x75676544, 0x77770765, 0x77778887,
    0x46567647, 0x775c4643, 0x88776077, 0x61778888, 0x64657467, 0x78676444,
    0xf8780747, 0x7387f8f8, 0x56464777, 0x87464765, 0x88771676, 0x1687f8f8,
    0x64746c57, 0x78544606, 0x8f786741, 0x61888ff8, 0x46657477, 0x77673444,
    0x88775660, 0x768888f8, 0x45564677, 0x67444542, 0xf8786710, 0x18888ff,
    0x46465676, 0x54676445, 0x8f783424, 0x348888f8, 0x50564677, 0x3560606,
    0xff680757, 0x778788f8, 0x46647406, 0x56705040, 0x8f774370, 0x67817888,
    0x60417750, 0x37064706, 0x88570643, 0x7788f8, 0x4640177, 0x46053440,
    0x88670174, 0x77708888, 0x6776067, 0x40637004, 0xf8777067, 0x6573f8ff,
    0x40437144, 0x45160607, 0x8f676544, 0x4674f7f8, 0x60345642, 0x24041406,
    0x8f372434, 0x656587ff, 0x34740424, 0x52400204, 0x8f464447, 0x744084ff,
    0x40006070, 0x4044000, 0x47500234, 0x4160646, 0x60404, 0x4600004,
    0x60404, 0x42404041, 0x50001640, [8604] = 0x28, 0x18, 0x30,
    0x40001, [8609] = 0x120, [8615] = 0x800000, 0x8000, 0x808000, 0x80,
    0x800080, 0x8080, 0x808080, 0xc0c0c0, 0xff0000, 0xff00,
    0xffff00, 0xff, 0xff00ff, 0xffff, 0xffffff, 0x40000400,
    0x40426040, 0x44040, 0x6062404, 0x70588707, 0x40436060, 0x44417007,
    0x75777738, 0x24475240, 0x7465247, 0x67705777, 0x50176434, 0x48347007,
    0x77177686, 0x74075274, 0x77407740, 0x74787774, 0x6760473, 0x34344606,
    0x73000730, 0x40566300, 0x770544, 0x77700077, 0x74447740, 0x70846643,
    0x7775740, 0x40760735, 0x77774744, 0x74776707, 0x74740227, 0x74746765,
    0x87777736, 0x64742575, 0x77774442, 0x87887847, 0x65657777, 0x47786745,
    0x88f8f807, 0x64747434, 0x70774464, 0xf8f87f77, 0x74647770, 0x40774607,
    0x88f88877, 0x44467777, 0x60476544, 0x888f8f77, 0x74747470, 0x52705606,
    0x88f8ff76, 0x44464777, 0x74424340, 0x88878f17, 0x34743407, 0x30655006,
    0x87887867, 0x40477334, 0x47160643, 0xf5f88807, 0x50024767, 0x64451606,
    0x82ff8874, 0x34746454, 0x70244005, 0x74f87f43, 0x60072465, 0x34042400,
    0x65877744, 0x4005006, 0x40400004, 0x4640424, 0x40604, [8726] = 0x28,
    0x10, 0x20, 0x40001, [8731] = 0x80, [8737] = 0x800000, 0x8000,
    0x808000, 0x80, 0x800080, 0x8080, 0x808080, 0xc0c0c0,
    0xff0000, 0xff00, 0xffff00, 0xff, 0xff00ff, 0xffff,
    0xffffff, 0x65404000, 0x4404060, 0x77050647, 0x70607077, 0x77670407,
    0x74527434, 0x77777047, 0x52477377, 0x60616104, 0x64600007, 0x7077765,
    0x44177770, 0x74707646, 0x65277477, 0x78567744, 0x46577788, 0x78746765,
    0x457673f8, 0x88434742, 0x647487f8, 0x7f076745, 0x74748088, 0x7f745006,
    0x46477788, 0x78214742, 0x70707388, 0x78562405, 0x404774f8, 0x68600506,
    0x340446f7, 0x45404000, 0x604160, [8800] = 0x28, 0x30, 0x60,
    0x80001, [8805] = 0x900, [8808] = 0x100, 0x100, 0x10103, 0x70a19,
    0xe1014, 0x100f0e, 0x141413, 0x14151a, 0x18191a, 0x1c1c1e,
    0x70f23, 0x70f26, 0x71028, 0x81027, 0x8112a, 0xa142e,
    0xb1531, 0xc1732, 0xc1735, 0xd1937, 0xd1939, 0xf1b3c,
    0xf1c3e, 0x10182d, 0x1e1f22, 0x1d1f2a, 0x121b36, 0x151c30,
    0x101d3f, 0x151e3f, 0x1e2430, 0x1e2339, 0x1e263f, 0x25221f,
    0x222226, 0x262628, 0x292723, 0x292a2e, 0x232634, 0x222930,
    0x232a35, 0x262c37, 0x2d2d30, 0x2c2e36, 0x292e3a, 0x2d323a,
    0x323337, 0x31343e, 0x36373c, 0xf1d41, 0x101d42, 0x111f44,
    0x122047, 0x132149, 0x13224c, 0x152249, 0x14234e, 0x15244f,
    0x182344, 0x19264c, 0x1f2a4a, 0x152452, 0x172756, 0x172856,
    0x172959, 0x1b2854, 0x1f2c55, 0x18285a, 0x1a2b5e, 0x1a2c5f,
    0x1c2d5c, 0x1b2d62, 0x1c2c61, 0x1c2f65, 0x1d3069, 0x1f336d,
    0x282d45, 0x2e3548, 0x273357, 0x2e3b5e, 0x3c3c40, 0x383a48,
    0x303851, 0x223160, 0x203269, 0x24356b, 0x283763, 0x203470,
    0x223675, 0x223778, 0x23387a, 0x24397b, 0x253a7e, 0x2a3b74,
    0x3c4152, 0x3f4a55, 0x354161, 0x38476c, 0x33447a, 0x403f3b,
    0x404144, 0x434449, 0x4c4945, 0x48484b, 0x4a4a4e, 0x4f4f4f,
    0x404550, 0x41465d, 0x464a58, 0x4e4f52, 0x484d5a, 0x4c505b,
    0x504e4a, 0x535357, 0x50545d, 0x56575c, 0x595a5d, 0x494d63,
    0x435869, 0x4e546a, 0x44517a, 0x515462, 0x575964, 0x54596b,
    0x5c5c61, 0x595d69, 0x575d75, 0x48616f, 0x466773, 0x5c606e,
    0x516978, 0x5e617c, 0x5f6f7d, 0x615e57, 0x66615a, 0x606162,
    0x666666, 0x62646a, 0x66676c, 0x686761, 0x616571, 0x656974,
    0x6b6b70, 0x6b6e74, 0x6a6d7d, 0x6e7179, 0x707172, 0x73767c,
    0x7e7e7d, 0x263d82, 0x273e85, 0x284089, 0x2b4491, 0x2e4798,
    0x3e4e84, 0x324c9c, 0x304ba1, 0x49588a, 0x42579b, 0x576387,
    0x53659a, 0x656785, 0x6c7788, 0x687499, 0x777b83, 0x717fa8,
    0x7e8089, 0x758090, 0x7e859d, 0x799099, 0x858688, 0x8e8c8a,
    0x878a90, 0x8a8d95, 0x888b9b, 0x93928d, 0x909296, 0x989898,
    0x9c9c9e, 0x839ca3, 0x9496a1, 0x979fa7, 0xa1a1a0, 0xa4a4a4,
    0xa0a1aa, 0xa5a7ae, 0xa9a7a2, 0xaba9a4, 0xaeadaa, 0xa6a9b9,
    0xabaeb0, 0xafb1b9, 0xb3b1af, 0xb9b8b4, 0xb9baba, 0xb7b8c4,
    0xb6c3c6, 0xc1bfbc, 0xc6c3be, 0xc2c2c4, 0xc2c4cd, 0xc7c7c8,
    0xc9c7c1, 0xcbc9c5, 0xc8c9c8, 0xcccccb, 0xc9c9d3, 0xd0ceca,
    0xd3d1ce, 0xd3d3d3, 0xd7d6d3, 0xdbd9d5, 0xdcdbd9, 0xdfdedc,
    0xe3e1de, 0xe5e4e2, 0xe7e7e6, 0xeaeae9, 0xececeb, 0xf0efed,
    0xf0f0ef, 0xf3f2f2, 0xf7f7f7, 0xfafafa, 0xfefefe, [9066] = 0x8080808,
    0xa0a0a08, 0xf0c0c0c, 0xf0f0f0f, 0x1313130f, 0x30131b30, 0x13133013,
    0x13131313, 0xf0f1013, 0xc0f0f0f, 0xa0c0c0c, 0x8080b0c, 0xc080808,
    0xc0c0c0c, 0xf130f0c, 0x13130f12, 0x121b3030, 0x32778c2e, 0x4e6f5030,
    0x30303019, 0x13131313, 0x100f1313, 0xc0c0f0f, 0xc0c0c0c, 0x190c0c0b,
    0xf0f0c0c, 0x130f0f10, 0x30303012, 0x24303030, 0x1bb6c6b6, 0xb6be7337,
    0x3037186b, 0x30303037, 0x10131313, 0x1c180f13, 0xc0c0c0c, 0x2e0a0c0c,
    0x130c187b, 0x30301313, 0x33373030, 0xb0173737, 0x4fbdc5c6, 0xbdbda41d,
    0x3b1b62b6, 0x32373737, 0x13133032, 0x8c271813, 0x100c101d, 0x700f0c0c,
    0x131871ab, 0x32303013, 0x3b3b3737, 0xc6ac173b, 0xaac1b6c1, 0xa4b6bd63,
    0x372bb2b6, 0x3b3b3b3b, 0x37303737, 0xaa8a241b, 0xc0f105c, 0x8f190f0c,
    0x301c72aa, 0x37373230, 0x41413b3b, 0xc1c6a418, 0xaeb6788e, 0x2b8bbb72,
    0x24abb68c, 0x3c3e4141, 0x32373b3b, 0xab85271d, 0x1010107b, 0x912a0f0c,
    0x1d2863a2, 0x3b3b3737, 0x1b464641, 0xacccc68c, 0x778e8a79, 0x62628a6f,
    0xa4b6914e, 0x4346461c, 0x393b3e3e, 0xa26b2528, 0x10131d8f, 0xa26b180f,
    0x282e628a, 0x46413f32, 0x773b4646, 0x6ab6ccc1, 0x6f8b6a63, 0x16287a7a,
    0xb6a22e25, 0x48481d8f, 0x2b414646, 0x8c632e23, 0x13134f91, 0xbdaa180f,
    0x2e62628c, 0x46463f28, 0xc1624148, 0x2e6abbcc, 0x78718a77, 0xaf232a66,
    0xab6f4e8c, 0x553885b6, 0x252b5155, 0xa262622b, 0x13328cbd, 0xa4691313,
    0x2e6271aa, 0x48512828, 0xccbb2a49, 0xa44ea2bb, 0x77a2a48e, 0xcbbe6262,
    0x9162abc4, 0x3f70b2a4, 0x23234a49, 0xab7a4e4e, 0x30325ea5, 0x37303013,
    0x2e72ab77, 0x402a252e, 0xbbccb64a, 0x8e4f9fa5, 0x7ab6a477, 0xaec57163,
    0x6b2eadb0, 0x23aea471, 0x28232327, 0x73aa8a2e, 0x37323b3d, 0x37373030,
    0x85aa693b, 0x721232c, 0x9fbbbd66, 0x5c176c8e, 0x7fc1b08a, 0xb9c37a62,
    0x622885a4, 0x23726f62, 0x2e232016, 0x415ea88a, 0x37373d41, 0x37373230,
    0xa44d4641, 0x20202e85, 0x81736220, 0xa012773, 0x28af626a, 0x6e906316,
    0x2e202072, 0x707072c, 0x8c2c2016, 0x47485b90, 0x373d4141, 0x413b3b30,
    0x54494646, 0x202c8a8e, 0x23160716, 0x247f8c2e, 0x4f280000, 0x40764,
    0xaaaf6703, 0x7060606, 0x7f8a2c16, 0x4855555b, 0x3d3e4148, 0x413b3737,
    0x55554846, 0x2e8a894c, 0x7201f, 0xbcb57517, 0x5000004, 0x1f,
    0x92b0c961, 0x7070404, 0x4a858a2c, 0x55579494, 0x3e464748, 0x46413b37,
    0x41575548, 0x85a8bb6c, 0x5051662, 0x2e82795c, 0x66170103, 0x3216485,
    0xa8b98907, 0x4e07047a, 0x90b47272, 0x55945738, 0x41474848, 0x4646413b,
    0x68495748, 0x739fc6c1, 0x2004668c, 0x7776a, 0xbe693008, 0x6484b4d1,
    0xaa6e0004, 0x72622092, 0xb690284e, 0x57573d8c, 0x41474857, 0x4746413b,
    0xbb605755, 0x7c69a4cc, 0x4628c81, 0xc00021d, 0xaa777950, 0xada9adbe,
    0x6e002083, 0x6271626e, 0x9223282c, 0x579575b5, 0x47485557, 0x4847413d,
    0xc1985755, 0x817569ac, 0x21717c9f, 0x5e500105, 0x71693a38, 0x64929091,
    0x1f6ea984, 0x6666652e, 0x28212c61, 0x9495a3ae, 0x47485557, 0x4847463e,
    0xbd959457, 0x7c755e9f, 0x71779f81, 0x2ba54a2e, 0x7377ac2a, 0xbab97a8a,
    0x61bfba1f, 0x63716663, 0x21282c4e, 0x9595a1a8, 0x48485557, 0x57484141,
    0xbb955757, 0x7c7369ac, 0x82a19f81, 0x684b5d27, 0x7b6cb2cf, 0xd6ada891,
    0x899261cd, 0x66728c8b, 0x2e212c4e, 0x94959eb5, 0x48555757, 0x55474741,
    0x9e949457, 0x7573a6c1, 0x4f9f9f81, 0xbc805e4b, 0xb08b7bb3, 0xb8b8b0ba,
    0x89a8d1d4, 0x6e8a8c8a, 0xb3622362, 0x959697a3, 0x48555794, 0x55484641,
    0x96959457, 0x7cb6bb9c, 0x2e7c9f7c, 0xa7a74d50, 0xbfb6b37d, 0xbec3b8cb,
    0x83b4d0b9, 0x6f848c92, 0xa3b66662, 0x9496969a, 0x48555794, 0x55484641,
    0x96959457, 0xa6c19b97, 0x4f9f9f73, 0x82a55d5c, 0xd0cfd5a7, 0xd3d1bfd9,
    0x92b8c4ba, 0x71848a91, 0x9aa6aa4e, 0x9596979a, 0x48555794, 0x55484646,
    0x96959457, 0xacc18b97, 0x5c9f8173, 0xa0a58228, 0xd3cfdec2, 0xded3cdde,
    0xafcdbfcd, 0x66728c72, 0x5b8caf62, 0x9596979a, 0x48555794, 0x55484741,
    0x96959457, 0xacc1b69a, 0x277c7c73, 0xa7a0822b, 0xd5c0d3c2, 0xdcc4d1de,
    0xbec4c4d5, 0x66727284, 0x9b92b061, 0x9596979a, 0x48555794, 0x55484641,
    0x96955757, 0xb2bdac97, 0x54f7977, 0xb1a58074, 0xd7c4b1b2, 0xd1c4d7de,
    0xbfc4d1d5, 0x66726b92, 0x9c8cb065, 0x9596969a, 0x48555794, 0x55484641,
    0x96949457, 0xb3bca696, 0x2b204f73, 0xb1a7807e, 0xd5cebcb1, 0xbfced7de,
    0xc3c9d4d4, 0x626266b5, 0x9c8cb471, 0x94969697, 0x48485757, 0x48474141,
    0x95955755, 0xb3b6a196, 0x2a2b622b, 0xb1b17e7d, 0xd5cfcbb3, 0xc8d1d6dc,
    0xbfcdd5c8, 0x236ba4bf, 0x998caf85, 0x95959697, 0x47555757, 0x4847413b,
    0x95945755, 0x91b09e96, 0x27026c70, 0xa7b18074, 0xd4d0cfbc, 0xc8d1d4d7,
    0xbfced1c4, 0x67a462b9, 0x9a81ae72, 0x57959696, 0x46475757, 0x4846413b,
    0x95575755, 0x8c8a9895, 0x25021770, 0xa7a77e74, 0xd5d3cfc0, 0xd1d1d4d7,
    0xc3d1cdc4, 0xa24e28b9, 0x977d85a2, 0x94959596, 0x46475555, 0x47413d3b,
    0x94575549, 0x6c8b5094, 0x27021c1c, 0xa7a5807e, 0xd9d4d3c5, 0xd1d1d4dc,
    0xc3d1c8c8, 0x2b2b28b5, 0x96509091, 0x57579596, 0x41474855, 0x41413b37,
    0x55554948, 0x1c6c8550, 0x4e2e1c27, 0xa582827e, 0xdcd7d3c8, 0xd1d1d9dc,
    0xc8cec8c8, 0x2e2772ba, 0x518ca22b, 0x57579494, 0x41414755, 0x413d3737,
    0x50494947, 0x271c688b, 0x20917b1c, 0xa580804a, 0xded9d3cb, 0xc8cdd9dc,
    0xbecdbfc8, 0x258ac08c, 0x8e8b282b, 0x5557575b, 0x3f414748, 0x3f373730,
    0x8b4b4441, 0x1c271c5d, 0x1662ab7f, 0x917d7420, 0xdcd7d5c5, 0xaac8d5de,
    0xadc9b9b8, 0x91bd7221, 0x8f282a27, 0x495549a0, 0x3b3f4147, 0x3d3b3230,
    0x6c7f4a3d, 0x7f272727, 0x252e2e91, 0x82807d20, 0xdcd7d3b6, 0x1fb9d1d7,
    0xa8c9c3af, 0xb6612823, 0x4e2a2ba2, 0x46518b8c, 0x373b4141, 0x37373013,
    0x1d2b854a, 0xae822727, 0x28231663, 0x82807e07, 0xd5d0bcab, 0xb9becdd4,
    0x90c9cbbf, 0x23202c23, 0x2b2ea2ab, 0x417f7027, 0x32373d41, 0x1d133013,
    0x271c5070, 0x9d5f7927, 0x202064ae, 0x80805d07, 0xcbc3bcac, 0xcbc4c3c9,
    0x64bfcbce, 0x8921232c, 0x2b8f9da5, 0x6a7b272b, 0x3032373b, 0x5c1b1310,
    0x24271c6a, 0x55484d70, 0x76fa698, 0x807d2007, 0xc5cbcbb0, 0xd3d1cbcb,
    0x23b0cfd3, 0xa1922c21, 0x797c5557, 0x91272b2b, 0x1b30374b, 0x791d1010,
    0x27272727, 0x48464175, 0x90a05b55, 0x8a5d0407, 0xd3d3cbb2, 0xd7d5d3cf,
    0x785cbd5, 0x559bab66, 0x91515555, 0x5c2b2e2b, 0x1313308b, 0x5d4f0f0f,
    0x5d272427, 0x46413e73, 0x76554847, 0x8227218c, 0xd7d5cab3, 0xd7d7d7d7,
    0x851fbed5, 0x555560a6, 0xa0414648, 0x272b2b6c, 0x10134a8b, 0x275d190c,
    0x69796a27, 0x413f3d37, 0x48484646, 0x7f2e7951, 0xdcd7c6ae, 0xd5dcd9de,
    0xa18ca4d5, 0x46484855, 0x50414146, 0x2b78a07c, 0x100f5d6a, 0x5c77180c,
    0x3032505d, 0x5e373232, 0x41545f5f, 0x8a5c4147, 0xdcd7c5ab, 0xd5d6dcde,
    0x485faad4, 0x5f764946, 0x3b3b3b5f, 0x7c753932, 0xf137f71, 0x1e4f190a,
    0x1b101010, 0x4d373013, 0x3f545f54, 0x50414441, 0xdcd5c5ab, 0xd7dadcdc,
    0x464140bd, 0x545f5441, 0x3032395f, 0x18131b13, 0xc0c7550, 0xc0a0a08,
    0x1010100c, 0x6a391313, 0x3f5f5e4d, 0x3b3f3d3d, 0xdcd3bd5c, 0xc6d9dedc,
    0x3d41414d, 0x4d5f5f3d, 0x13303f5f, 0xf101013, 0xc0c0f0f, 0xc0a0808,
    0xf0f0c0c, 0x13131010, 0x32304c5e, 0x3b3b3737, 0xa079393b, 0x3969a0a4,
    0x37373b37, 0x5e4c3737, 0x13131b30, 0xc0f1010, 0xb0c0a0c, 0x8080808,
    0xf0c0c0c, 0xf0f0f0c, 0x1b301b30, 0x37303030, 0x37373232, 0x37373732,
    0x30323232, 0x1b301330, 0xf101013, 0xc0c0f0f, 0xb0a0c0c, 0x8080808,
    0xc0c0a08, 0xf0f0f0c, 0x13100f0f, 0x30301313, 0x321b301b, 0x30303930,
    0x13303030, 0x10101313, 0xf0c100f, 0xc0c0c0c, 0x808080c, [9738] = 0x28,
    0x20, 0x40, 0x80001, [9743] = 0x400, [9746] = 0x100, 0x100,
    0x50508, 0x80809, 0x70911, 0x101010, 0x14161b, 0x1b1b1d,
    0x70f24, 0x71027, 0x71028, 0x81027, 0x9122c, 0xb1532,
    0xc1835, 0xe1a3b, 0x161926, 0x12182d, 0x1b1c20, 0x1c1f28,
    0x141d34, 0x121c3b, 0x1c2234, 0x1b233c, 0x201f1e, 0x222123,
    0x23242a, 0x26282d, 0x282623, 0x2a2a2d, 0x202632, 0x232934,
    0x242a3b, 0x2a2c33, 0x292d3a, 0x2e3035, 0x2c313b, 0x323234,
    0x34353b, 0x37383c, 0x393837, 0x393a3c, 0xf1c40, 0x101e43,
    0x142145, 0x13214b, 0x1a2443, 0x19264f, 0x152553, 0x172857,
    0x172858, 0x182754, 0x182758, 0x1a2855, 0x192a5b, 0x1b2d63,
    0x1d2f68, 0x1d3066, 0x1d316b, 0x242c44, 0x222c4b, 0x222d51,
    0x202f5d, 0x273148, 0x2b3446, 0x2b334d, 0x2d3a44, 0x2f3b48,
    0x273356, 0x313544, 0x343944, 0x343a4a, 0x3b3c42, 0x383e4a,
    0x323a55, 0x313c5b, 0x393e50, 0x263666, 0x22346b, 0x2c3b63,
    0x2c3c6a, 0x203573, 0x223778, 0x24397c, 0x2c3e75, 0x313d61,
    0x34424c, 0x3f4044, 0x3d424c, 0x364750, 0x3c4252, 0x3a425a,
    0x384954, 0x334166, 0x35436b, 0x3b4460, 0x3c476a, 0x384776,
    0x3b4c7f, 0x424245, 0x45464a, 0x46484d, 0x4b4944, 0x49494c,
    0x414653, 0x404659, 0x444953, 0x42485a, 0x4c4d51, 0x494c5c,
    0x4e5056, 0x4d515b, 0x525254, 0x53545a, 0x55585e, 0x5c5a56,
    0x5c5b5c, 0x424960, 0x444d6a, 0x4b4f61, 0x405160, 0x4b5064,
    0x4b526a, 0x4d5965, 0x455276, 0x515563, 0x50556d, 0x555962,
    0x545a6c, 0x5b5c63, 0x5b5e6b, 0x545b72, 0x595e71, 0x4d606e,
    0x4a6472, 0x5f6064, 0x5d616d, 0x556a77, 0x536a78, 0x5d627c,
    0x5c6b7d, 0x63605b, 0x626262, 0x63646b, 0x66686d, 0x6a6964,
    0x6b6a68, 0x636571, 0x60637f, 0x666972, 0x646979, 0x6b6d73,
    0x686b79, 0x6e7076, 0x6e7179, 0x706f70, 0x727272, 0x72747a,
    0x7c7b7a, 0x263d83, 0x283f86, 0x283f88, 0x29418c, 0x2c4696,
    0x324687, 0x31478b, 0x344c98, 0x3c539a, 0x3e56a2, 0x4a5680,
    0x4c5981, 0x5c6788, 0x536399, 0x616481, 0x606886, 0x606d99,
    0x6b7a88, 0x6e799b, 0x717481, 0x767983, 0x717d8d, 0x7c7c80,
    0x7a7d8a, 0x767990, 0x707b9c, 0x77818b, 0x768693, 0x7d8392,
    0x78819d, 0x788c97, 0x7e969e, 0x7783ab, 0x7c87a5, 0x807e7a,
    0x807f80, 0x80807f, 0x808082, 0x80838b, 0x87898e, 0x888682,
    0x8b8b8a, 0x818594, 0x848c96, 0x868b9b, 0x898c94, 0x8d8f9a,
    0x86929b, 0x8d9097, 0x8f9199, 0x929292, 0x93959b, 0x9b9b9c,
    0x868da1, 0x8b8da0, 0x839aa1, 0x8f91a2, 0x9193a0, 0x9699a3,
    0x979aa8, 0x9a9ba2, 0x9c9eaa, 0x97a2a7, 0x96a4ab, 0x9da1a9,
    0x9eacb3, 0xa4a3a0, 0xa1a3ad, 0xaba9a6, 0xafaeae, 0xa4a5b1,
    0xa5adb1, 0xaaadb4, 0xadafbb, 0xabb2b4, 0xafb0ba, 0xb0aeac,
    0xb2b1ad, 0xb6b5b1, 0xb3b4bd, 0xb8b6b3, 0xb9b8b4, 0xbdbcba,
    0xb0b2c0, 0xb7b8c2, 0xbfc0bf, 0xc1bebb, 0xc3c1bc, 0xc7c6c4,
    0xcfcfd0, 0xd0ceca, 0xd3d1cd, 0xd8d7d5, 0xe0dedc, 0xe1e1df,
    0xe8e8e6, 0xf0f0ef, 0xf4f4f3, [10004] = 0x8060606, 0xb0a0a08, 0xd0d0b0b,
    0x2a3f150d, 0xd153929, 0xc0d0d0d, 0xa0a0b0c, 0x6070a0a, 0xa0a0806,
    0xc0b0b0a, 0x29290d0d, 0x59d98013, 0x1593b13b, 0xd29292a, 0xb0c0d0d,
    0xa0a0a0f, 0x586c0a0a, 0x29280d0c, 0x2a2b2b2b, 0x9bf1f193, 0x9bdde06c,
    0x2b2b2e2c, 0x130d292b, 0xa0a686d, 0x93980f0a, 0x2b292912, 0x692e2e2b,
    0xd6c3d6f1, 0xd07fca98, 0x2e302d7b, 0x1d2a2b2e, 0xb0c9398, 0x6f9b200a,
    0x322e2c1f, 0xe66c3534, 0x7f8680e0, 0x6c24637f, 0x35346fd0, 0x1f1e2f34,
    0xd159870, 0x6acb7d0c, 0x35332025, 0xf1e33f35, 0x7b7f687d, 0x618d2465,
    0x3558d097, 0x251f3b36, 0xd69cd6f, 0x97943b0d, 0x3c202361, 0xb9f0d553,
    0x94c3966c, 0xd1edcf61, 0x48c3976c, 0x63211f3b, 0x2a3b8a97, 0x78332a0d,
    0x1c194697, 0x82b5e68d, 0xb1d17e43, 0x9cd1d165, 0x61856324, 0x97461918,
    0x2b2e3474, 0x342e2b2a, 0x1846945e, 0x56744618, 0x63631c1c, 0x23266523,
    0x5052465, 0x5f8d4618, 0x2e303537, 0x36342e2b, 0x46725b4c, 0x6c040516,
    0x100024c3, 0x9c030117, 0x50346cf, 0x51537225, 0x3035364f, 0x3635342e,
    0x8ddd814c, 0x751c0563, 0x6f0f0456, 0x231664bf, 0x46179ac6, 0x4b949c6c,
    0x34363651, 0x4f36342e, 0x7cb9e6a8, 0x1f11618d, 0xc2691402, 0x1a8fc5ea,
    0x65468b23, 0x7ec64623, 0x3736519d, 0x51363534, 0x8174d5ad, 0xe237b92,
    0x75743973, 0xbf8bc297, 0x65652371, 0xba651a46, 0x354f519e, 0x514f3534,
    0x7e59cbaa, 0x45779292, 0x7bb1b167, 0x9af3c69a, 0x65857fbf, 0xaf711946,
    0x364f519d, 0x514f3534, 0x82c7bda3, 0x48459292, 0xd0b1ccb8, 0xf9ede1ea,
    0x719390bf, 0xa5be7146, 0x36519da0, 0x514f3634, 0xd2bea4a0, 0x58459281,
    0xf7f5aeb2, 0xf3f4f5f9, 0x72859bcf, 0xa1a6c765, 0x36509da0, 0x9d4f3535,
    0xd8d5a0a0, 0x79439278, 0xf9fcdeb2, 0xf4fdf8fd, 0x71859af3, 0xa4a2b172,
    0x36509fa0, 0x514f3634, 0xdddaa1a0, 0x831e6c78, 0xf9e7dcb8, 0xf9fbf7fe,
    0x6871c6f4, 0xa1a5c285, 0x36509da0, 0x514f3534, 0xddd2a09f, 0x84541f58,
    0xfbf2d4bc, 0xfaf5f9fe, 0x466fe1f5, 0xa0a5b19a, 0x364f9da0, 0x51363530,
    0xcab6a09d, 0x84451967, 0xf9f9dcd4, 0xf8f5fafd, 0x7185eaf5, 0xa1a49b97,
    0x354f509f, 0x4f36342e, 0x857aa051, 0x84400446, 0xfbf9e4b8, 0xf5f8fafc,
    0x6d1feaf8, 0xa0a07998, 0x3536509d, 0x36352e2e, 0x477b4d50, 0x88561d1c,
    0xfefbe4b2, 0xf5f8fafd, 0x2261eaf8, 0x9f519370, 0x34354f50, 0x37342e2b,
    0x1d227749, 0x76198d68, 0xfefce488, 0xeeeef9fe, 0x6fcf99f3, 0x52896320,
    0x2e34364f, 0x3b2f2b29, 0x561d5677, 0x5a115593, 0xfefad98a, 0xe98bf5fc,
    0xc36564eb, 0x817d1f6d, 0x2e30354b, 0x673b290d, 0xb2671e1d, 0x57191965,
    0xf9efb988, 0xf5eef3f8, 0x231955df, 0x45217bb9, 0x2a2b3477, 0x4345130d,
    0x525b451d, 0x190571ac, 0xf7f2c384, 0xf8f9f5f5, 0x97611bbf, 0x22588160,
    0x282b5968, 0x1e68150b, 0x35346920, 0x18797a36, 0xf9f6cc68, 0xf8fcfcfb,
    0x50a97161, 0x25863536, 0xd2a7d22, 0x4340400b, 0x342e4869, 0x694e3637,
    0xfef9c356, 0xe9fcfdfe, 0x36367a7f, 0x7e743435, 0xb406856, 0x403f470a,
    0x422b2929, 0x35344d5c, 0xfef6b159, 0xccf9fefe, 0x5e52354e, 0x2a2a2b4d,
    0xb596967, 0xb0a1209, 0x482a0d0b, 0x2f335c4d, 0xfdf57433, 0x4de6fefe,
    0x4d5c2f30, 0xd282b4d, 0x815130d, 0xa090606, 0xd0b0b0a, 0x2b292a42,
    0x74422b2b, 0x2b2b5d87, 0x3f2b2b2b, 0xc0c0d13, 0x8080a0a, 0x6060606,
    0xb0b0a0a, 0xd0d0d0c, 0x2a282929, 0x2a2b292b, 0xd0d1328, 0xa0a0c0c,
    0x606090a, [10292] = 0x28, 0x18, 0x30, 0x80001, [10297] = 0x240,
    [10300] = 0x100, 0x100, 0xc0c0e, 0x80b12, 0x111115, 0x1b1b1c,
    0x70f23, 0x70f25, 0x71027, 0x71028, 0x81029, 0x9122d,
    0xa142f, 0xd152b, 0xc162f, 0xa1531, 0xd1630, 0xc1634,
    0xc1836, 0xe1939, 0xe1a3c, 0xf1c3e, 0x1c1e23, 0x141b30,
    0x121c39, 0x101c3e, 0x1e202d, 0x1d2438, 0x242425, 0x242529,
    0x29292a, 0x232734, 0x252934, 0x232839, 0x22293c, 0x2a2b31,
    0x2a2d37, 0x2c2d32, 0x2e2f34, 0x292d3a, 0x2c313c, 0x323233,
    0x323236, 0x343332, 0x363535, 0x363638, 0x373839, 0x38393d,
    0xf1c40, 0x101d42, 0x111f45, 0x122045, 0x122049, 0x142249,
    0x14234e, 0x17244c, 0x182344, 0x1f2947, 0x1c284c, 0x152451,
    0x162655, 0x1c2b53, 0x182959, 0x192a5e, 0x1b2d62, 0x1d3067,
    0x1d316a, 0x212c43, 0x202a49, 0x282f48, 0x202e5a, 0x2a3042,
    0x2f3343, 0x2f3441, 0x2b3349, 0x2f3b42, 0x223055, 0x263055,
    0x23325e, 0x2d3753, 0x283459, 0x2f3c5d, 0x313742, 0x31374b,
    0x30364e, 0x333b45, 0x333b4d, 0x3b3d42, 0x3b3d4b, 0x393e4d,
    0x333c54, 0x393f51, 0x213163, 0x22346b, 0x27396f, 0x213573,
    0x24397c, 0x303e62, 0x3e424a, 0x3b4153, 0x3b4257, 0x3e4150,
    0x3e4354, 0x3e4455, 0x39425d, 0x3e445d, 0x2f4178, 0x35446b,
    0x3d496c, 0x34497a, 0x3a4877, 0x3b4b7b, 0x414247, 0x414248,
    0x41454d, 0x494a4c, 0x424652, 0x424758, 0x444b55, 0x444b5c,
    0x4c4d51, 0x4e5053, 0x4d525e, 0x525356, 0x50535d, 0x52555b,
    0x545558, 0x56585f, 0x5b5956, 0x585a5d, 0x454c62, 0x474f69,
    0x4a4d60, 0x47516c, 0x4d5363, 0x4c526a, 0x4b5d6b, 0x4e587c,
    0x50566e, 0x565861, 0x585a61, 0x5a5c62, 0x5e5f62, 0x5c5f64,
    0x5d5f69, 0x565c72, 0x575f7a, 0x585e77, 0x5a5e78, 0x486371,
    0x5f6166, 0x5f626a, 0x546a79, 0x5b6272, 0x5c627b, 0x5a6b78,
    0x62625f, 0x606165, 0x63656a, 0x67696f, 0x6a6b6d, 0x666972,
    0x63687b, 0x676a7a, 0x6c6f78, 0x6f7072, 0x6e7075, 0x6f717c,
    0x716f6b, 0x75736e, 0x727273, 0x74757c, 0x78797b, 0x263d84,
    0x28418b, 0x2c4594, 0x2e489b, 0x415081, 0x4a598b, 0x445895,
    0x545f84, 0x566186, 0x5f6a81, 0x556599, 0x586795, 0x616480,
    0x667685, 0x717887, 0x757880, 0x727c8c, 0x797e83, 0x7d7d80,
    0x7c7e86, 0x6473a1, 0x6f7ca4, 0x737da2, 0x71838f, 0x7d808b,
    0x7d8296, 0x788c96, 0x7d929b, 0x828385, 0x86878e, 0x888783,
    0x8a8985, 0x89898a, 0x838691, 0x868793, 0x848898, 0x8d8f9c,
    0x8d909b, 0x908e8c, 0x919191, 0x91929a, 0x91949a, 0x8b8ea0,
    0x8099a0, 0x8f9da4, 0x9599a1, 0x999aa5, 0x9a9da5, 0x92a1a7,
    0x9fa1af, 0x9ea0b2, 0xa4a7ac, 0xaba9a6, 0xafafae, 0xa3a5b2,
    0xa4a8b0, 0xabacb5, 0xacadb2, 0xacafb4, 0xb0afac, 0xb3b1ad,
    0xb2b4b6, 0xb0b1bb, 0xb0b2be, 0xb7babc, 0xb8b6b3, 0xbcbab7,
    0xb8bac2, 0xc0bfbe, 0xc3c1bc, 0xc5c3c1, 0xcac7c2, 0xcac9c5,
    0xcccbc9, 0xd2d0cd, 0xd2d2d0, 0xd2d8d9, 0xd9d8d6, 0xdddbd8,
    0xe1dfdc, 0xe4e3e1, 0xe9e8e6, 0xececea, 0xf1f0ef, 0xf4f4f3,
    0x8070404, 0x100f0f08, 0x42511212, 0x2e164536, 0xf101012, 0x4080808,
    0xf201508, 0x2e2e1212, 0xa1ee5933, 0x337ae467, 0x122e2e33, 0x8154512,
    0x16a45708, 0x3c39332e, 0xdacdea52, 0x61d4a1be, 0x3339393a, 0xf48ba19,
    0x22898a0f, 0x4b3c3c33, 0x8e78cfe4, 0xd06f2b8a, 0x383c3f58, 0x12788d24,
    0x559cc310, 0xd9443f25, 0x8e9f78e1, 0x9cbdd26e, 0x225a4ec8, 0x30ba9c55,
    0x8a85332e, 0xdda51d24, 0xcda563a0, 0x6ec7e076, 0x211b767f, 0x333a858d,
    0x6a3f3931, 0x571b1b8a, 0x761a2072, 0x9a2b2b2b, 0x7f1b0303, 0x393d406c,
    0x5b3f3c39, 0x2219b97, 0x1400be61, 0xd29a0027, 0x9c7a1a1b, 0x3f405d5d,
    0x875d3f39, 0x1a9b88ea, 0xa5420146, 0x711aa7e7, 0xa32b7171, 0x3f5dab97,
    0xc15d3f3c, 0x76988f92, 0x78677518, 0x7ea6c99e, 0x212c716e, 0x3f5dabc4,
    0xb55e403c, 0x90b778c4, 0x9fd89754, 0xa3e7e7d2, 0x772c7a9e, 0x405dacbf,
    0xac5e403f, 0x8290d5b5, 0xefd7c258, 0xcaedf4ef, 0xc1799aa3, 0x5dabacae,
    0xac5e5d3c, 0x8288e1b5, 0xf8f7c275, 0xecf4fcfc, 0x909e779b, 0x405eacae,
    0xac5d5d3c, 0x1d78deb5, 0xf8dbc693, 0xf0faf4ff, 0xb3aa719e, 0x405eacac,
    0xac5d3f3c, 0x1b63d4b1, 0xf9ebd693, 0xf0f5f5fc, 0xb0bd79cb, 0x3f5dacac,
    0x5e5d3f39, 0x14258e68, 0xfbf4c593, 0xf5f2f8fc, 0x6ba36f9e, 0x3f5dabac,
    0x5b403a33, 0x6f262678, 0xfef8b886, 0xf2f0f5ff, 0x92576ecb, 0x3a3f5d5e,
    0x783b3932, 0x229f5026, 0xfcf49950, 0xdfdfc9fd, 0x6e6ebe2b, 0x393c4097,
    0x20723312, 0x1c77b446, 0xf8da9649, 0xd2f4edf4, 0x63bb2b21, 0x33398047,
    0x1e265112, 0x7aaf4066, 0xf5e88603, 0x77f8faf8, 0x885db371, 0x124d7226,
    0x65266308, 0x5c3f3c4b, 0xfce47474, 0x8aedfcfe, 0x5f3c406d, 0x10755084,
    0x2f416108, 0x4b694a31, 0xfee2673d, 0x5bd7fcff, 0x354c695a, 0xf785831,
    0x10080606, 0x3b4f4112, 0xe2813939, 0x393cceee, 0x163b5f3b, 0x8080f10,
    0x8060604, 0x12120f08, 0x332e3030, 0x2e2e3333, 0xf10162e, 0x6070808,
    [10726] = 0x28, 0x10, 0x20, 0x80001, [10731] = 0x100, [10734] = 0x100,
    0x100, 0x191a1c, 0x70f23, 0x70f25, 0x71027, 0x81129,
    0x9122d, 0xb142c, 0xb1531, 0xc1734, 0xc1837, 0xd1838,
    0xe1a3c, 0xf1c3d, 0x171f34, 0x101b39, 0x1c202b, 0x16203d,
    0x182139, 0x1b233c, 0x1c253d, 0x27272c, 0x292929, 0x2a2b2f,
    0x232730, 0x252836, 0x242a3e, 0x282d31, 0x282d3a, 0x2c2f38,
    0x2b313d, 0x2d303c, 0x333334, 0x3a3936, 0x38393c, 0x3f3e3d,
    0x101d41, 0x111e44, 0x152142, 0x162244, 0x122049, 0x13224c,
    0x14224d, 0x17254d, 0x1f2843, 0x1f2b4e, 0x152451, 0x162656,
    0x172959, 0x192958, 0x192a5d, 0x1c2c5a, 0x1d2d5d, 0x1b2c62,
    0x1c2d62, 0x1c2e65, 0x1d316a, 0x1e326c, 0x252c41, 0x262e48,
    0x212d50, 0x212f57, 0x283049, 0x2c3349, 0x2f3842, 0x253151,
    0x24325d, 0x2e3959, 0x313641, 0x333842, 0x353842, 0x333a4e,
    0x353c4f, 0x3a3d45, 0x3d3d41, 0x383b48, 0x333b55, 0x383e51,
    0x27396d, 0x203471, 0x213574, 0x223778, 0x223878, 0x263a79,
    0x313f66, 0x3f424b, 0x3a4053, 0x3c4753, 0x39425b, 0x3e525f,
    0x324169, 0x3e496d, 0x314274, 0x3c4971, 0x404147, 0x414249,
    0x46474b, 0x46474d, 0x47484d, 0x424651, 0x41485b, 0x4b4c50,
    0x494c57, 0x4d4e52, 0x4b4e5b, 0x40535f, 0x525255, 0x50525f,
    0x53565e, 0x545558, 0x5a5a5b, 0x434c66, 0x464d64, 0x484f60,
    0x44506e, 0x4a5160, 0x4c5161, 0x4b5169, 0x4b556f, 0x4d546a,
    0x4e5671, 0x50546b, 0x575a63, 0x575b64, 0x565a6c, 0x585a60,
    0x585b66, 0x595c67, 0x5e5f62, 0x565f7a, 0x5c626a, 0x5b6277,
    0x5e617a, 0x5e617c, 0x646362, 0x646464, 0x616677, 0x616871,
    0x676970, 0x666974, 0x6a6c71, 0x6f6f71, 0x737479, 0x7b7c7d,
    0x7d7d7c, 0x263c82, 0x283f87, 0x284089, 0x2b4391, 0x2f4896,
    0x334a95, 0x405596, 0x485e9f, 0x5b6585, 0x667582, 0x747786,
    0x75798a, 0x787a82, 0x797b85, 0x7d7f89, 0x777c93, 0x737c9d,
    0x7f8189, 0x748690, 0x7f8394, 0x7c8892, 0x817f7c, 0x868480,
    0x8c8b8a, 0x878d9e, 0x87959f, 0x8f9199, 0x9a9a9a, 0x9f9e9c,
    0x879ba2, 0x8f95a4, 0x8d99a0, 0x9496a4, 0x979aa6, 0x989aa5,
    0xa19f9b, 0xa6a8ab, 0xbdbbb8, 0xbdbcb9, 0xc1c0bc, 0xc5c3bf,
    0xc6c7c7, 0xcbc9c6, 0xcccbc8, 0xcfcdc8, 0xd1cfcb, 0xd2d2d2,
    0xd4d3d1, 0xdcdbd8, 0xdfdedb, 0xdcdcdc, 0xe2e1df, 0xe5e4e2,
    0xe9e9e8, 0xecebea, 0xf5f5f5, [10992] = 0x8040402, 0x6f3a0b0a, 0xb233e4b,
    0x4040809, 0x230e7d04, 0xaab23b29, 0x2d40a19d, 0x87d0e29, 0x301b8939,
    0x7e89b130, 0x419d6460, 0x2b8b1f30, 0x39607625, 0x9e6aa39b, 0x7d64ab8b,
    0x29756018, 0x495c3029, 0x16544a14, 0x6c2215, 0x30375c49, 0x9a98372f,
    0x670f1e5d, 0x218520a5, 0x36508264, 0x76a05030, 0x7b704383, 0x646da68e,
    0x3790871f, 0x9f965036, 0xb4a24b83, 0x858eb8b6, 0x4e92977c, 0xb1934e36,
    0xbea95678, 0x6cabc0c3, 0x4e92958b, 0xa8925030, 0xbead5845, 0x6cb6bdc4,
    0x3790958d, 0x7352372f, 0xc4af6817, 0x49b6bcc4, 0x36529081, 0x1e633029,
    0xc6a43f6c, 0x8ba7b3c1, 0x2d37774a, 0x711b470b, 0xb9991867, 0x6085bcba,
    0x29574580, 0x304c4311, 0xc087564d, 0x5b70bec6, 0x10627236, 0x3b0e110d,
    0xc06f3053, 0x5930aec7, 0x113e233b, 0x8080402, 0x40272325, 0x29252942,
    0x404080b, [11072] = 0x28, 0x30, 0x60, 0x200001, [11077] = 0x2580,
    [11082] = 0xff070f23, 0xff070f23, 0xff070f23, 0xff070f23, 0xff070f26, 0xff071028,
    0xff071028, 0xff071028, 0xff08112b, 0xff08112b, 0xff0a142f, 0xff0b1531,
    0xff0b1531, 0xff0b1531, 0xff0c1735, 0xff0c1735, 0xff0c1735, 0xff0e193a,
    0xff0e193a, 0xff0e193a, 0xff111d42, 0xff151e3f, 0xff0e193a, 0xff111d42,
    0xff0e193a, 0xff111d42, 0xff0e193a, 0xff0e193a, 0xff0f1c3e, 0xff0f1b3c,
    0xff0f1c3e, 0xff0e193a, 0xff0d1938, 0xff0d1937, 0xff0c1735, 0xff0c1735,
    0xff0c1735, 0xff0c1732, 0xff0a142f, 0xff0a142d, 0xff0a142d, 0xff08112b,
    0xff08112b, 0xff071028, 0xff081129, 0xff081027, 0xff070f26, 0xff070f26,
    0xff070f23, 0xff070f23, 0xff070f26, 0xff081027, 0xff081027, 0xff08112b,
    0xff08112b, 0xff0a122b, 0xff0a142f, 0xff0b1531, 0xff0c1735, 0xff0c1735,
    0xff0e193a, 0xff0c1735, 0xff0e193a, 0xff0e193a, 0xff111d42, 0xff111d42,
    0xff151e3f, 0xff0e193a, 0xff36373c, 0xff6b6b70, 0xff515462, 0xff122047,
    0xff121e43, 0xff303851, 0xff535357, 0xff3c3c40, 0xff151c30, 0xff111d42,
    0xff121e43, 0xff121e43, 0xff0f1c3e, 0xff0f1c3e, 0xff0f1b3c, 0xff0d1a39,
    0xff0d1a39, 0xff0d1a39, 0xff0d1937, 0xff0c1732, 0xff0a142f, 0xff0a142f,
    0xff0a142f, 0xff0a142d, 0xff08112b, 0xff081129, 0xff081129, 0xff081027,
    0xff081027, 0xff081129, 0xff08112b, 0xff10182d, 0xff10182d, 0xff0a142d,
    0xff0a142f, 0xff0b1531, 0xff0c1735, 0xff0c1735, 0xff0c1735, 0xff0e193a,
    0xff0e193a, 0xff0f1d41, 0xff111d42, 0xff111d42, 0xff111d42, 0xff121e43,
    0xff111d42, 0xff232634, 0xffa0a1aa, 0xffc2c4cd, 0xffa0a1aa, 0xff151e3f,
    0xff15234f, 0xff494d63, 0xffb3b1af, 0xffa0a1aa, 0xff4e4f52, 0xff121b36,
    0xff122047, 0xff122047, 0xff122047, 0xff122047, 0xff101e43, 0xff101e43,
    0xff0f1c3e, 0xff0d1a39, 0xff0d1a39, 0xff0e1938, 0xff0e1938, 0xff0c1735,
    0xff10182d, 0xff1e2430, 0xff0a142d, 0xff0a142d, 0xff0a142d, 0xff09122b,
    0xff081129, 0xff08112b, 0xff08112b, 0xff31343e, 0xff595d69, 0xff151c30,
    0xff0b1531, 0xff0d1937, 0xff0d1938, 0xff0e193a, 0xff0f1d41, 0xff111d42,
    0xff111d42, 0xff122047, 0xff132149, 0xff13224c, 0xff15234f, 0xff15234f,
    0xff1d1f2a, 0xff9c9c9e, 0xffc2c4cd, 0xffc2c2c4, 0xffafb1b9, 0xff383a48,
    0xff1e2339, 0xff7e8089, 0xffafb1b9, 0xffafb1b9, 0xffa0a1aa, 0xff404144,
    0xff151e3f, 0xff162553, 0xff152450, 0xff13224c, 0xff13224c, 0xff122047,
    0xff122047, 0xff111f44, 0xff0f1c3e, 0xff0f1b3c, 0xff0e1a3b, 0xff121b36,
    0xff262c37, 0xff6b6b70, 0xff1e2339, 0xff0a142d, 0xff0a142f, 0xff0a142d,
    0xff08112b, 0xff09122b, 0xff10182d, 0xff50545d, 0xff8a8d95, 0xff50545d,
    0xff121b36, 0xff0e193a, 0xff0f1c3e, 0xff111d42, 0xff111d42, 0xff122047,
    0xff13224c, 0xff13224c, 0xff162553, 0xff162553, 0xff162553, 0xff1d1f2a,
    0xff888b9b, 0xffc2c4cd, 0xffb7b8c4, 0xffa0a1aa, 0xffb7b8c4, 0xff878a90,
    0xff434449, 0xffafb1b9, 0xffa5a7ae, 0xff7e8089, 0xffa0a1aa, 0xff9496a1,
    0xff2d323a, 0xff15234f, 0xff172757, 0xff152553, 0xff152553, 0xff15234f,
    0xff14234d, 0xff13224c, 0xff122047, 0xff122047, 0xff121e3f, 0xff232634,
    0xff616571, 0xff878a90, 0xff3c4152, 0xff0c1735, 0xff0a142f, 0xff0a142f,
    0xff08112b, 0xff0a142f, 0xff151c30, 0xff6e7179, 0xff878a90, 0xff595a5d,
    0xff1e2430, 0xff111d42, 0xff121e43, 0xff122047, 0xff13224c, 0xff15234f,
    0xff162553, 0xff162553, 0xff182859, 0xff19295b, 0xff121b36, 0xff7e8089,
    0xffc2c4cd, 0xffb7b8c4, 0xff6a6d7d, 0xff575964, 0xffa0a1aa, 0xff909296,
    0xff595a5d, 0xffa6a9b9, 0xff616571, 0xff2d323a, 0xff6b6b70, 0xffa5a7ae,
    0xff878a90, 0xff232634, 0xff182859, 0xff19295b, 0xff172959, 0xff172757,
    0xff152553, 0xff162553, 0xff15244f, 0xff152249, 0xff1e263f, 0xff222930,
    0xff62646a, 0xff8a8d95, 0xff595d69, 0xff0d1937, 0xff0c1735, 0xff0c1732,
    0xff09122b, 0xff0b1531, 0xff292e3a, 0xff73767c, 0xff777b83, 0xff434449,
    0xff2d2d30, 0xff1e263f, 0xff152249, 0xff15234f, 0xff162553, 0xff172757,
    0xff182859, 0xff1c2c60, 0xff1c2c60, 0xff151e3f, 0xff6b6b70, 0xffc2c4cd,
    0xffc9c9d3, 0xff888b9b, 0xff54596b, 0xff616571, 0xff6a6d7d, 0xff515462,
    0xff535357, 0xff62646a, 0xff434449, 0xff404144, 0xff3c3c40, 0xff6e7179,
    0xffa5a7ae, 0xff7e8089, 0xff1d1f2a, 0xff1c2d63, 0xff1b2d62, 0xff1a2b5e,
    0xff182859, 0xff172959, 0xff172755, 0xff19264c, 0xff292a2e, 0xff292a2e,
    0xff4e4f52, 0xff777b83, 0xff6e7179, 0xff1e2339, 0xff0d1a39, 0xff0c1735,
    0xff0c1732, 0xff121b36, 0xff4e4f52, 0xff777b83, 0xff616571, 0xff404144,
    0xff323337, 0xff2c2e36, 0xff182344, 0xff1b2854, 0xff182859, 0xff1c2c60,
    0xff1c2d63, 0xff1c2d63, 0xff162553, 0xff515462, 0xffb7b8c4, 0xffc9c9d3,
    0xffa0a1aa, 0xff464a58, 0xff434449, 0xff464a58, 0xff656974, 0xff535357,
    0xff5c5c61, 0xff595d69, 0xff292a2e, 0xff1e1f22, 0xff292a2e, 0xff36373c,
    0xff777b83, 0xffa0a1aa, 0xff6e7179, 0xff1e2339, 0xff1d3169, 0xff1d3169,
    0xff1c2f65, 0xff1b2d62, 0xff172856, 0xff292e3a, 0xff2d2d30, 0xff36373c,
    0xff434449, 0xff6b6e74, 0xff73767c, 0xff383a48, 0xff0f1c3e, 0xff0e193a,
    0xff0c1735, 0xff121b36, 0xff878a90, 0xffafb1b9, 0xff6b6e74, 0xff404144,
    0xff404144, 0xff323337, 0xff2c2e36, 0xff1b2854, 0xff1c2c60, 0xff1c2d63,
    0xff1e316b, 0xff19295b, 0xff404144, 0xffb7b8c4, 0xffc9c9d3, 0xffa6a9b9,
    0xff464a58, 0xff36373c, 0xff515462, 0xff62646a, 0xff515462, 0xff575964,
    0xff4a4a4e, 0xff2c2e36, 0xff2d2d30, 0xff989898, 0xff6b6b70, 0xff3c3c40,
    0xff535357, 0xff878a90, 0xffa0a1aa, 0xff666666, 0xff182344, 0xff203471,
    0xff1f336d, 0xff223160, 0xff292e3a, 0xff292a2e, 0xff2d323a, 0xff404144,
    0xff404144, 0xff777b83, 0xffafb1b9, 0xff6b6e74, 0xff111f44, 0xff0f1c3e,
    0xff0e1938, 0xff0f1c3e, 0xff41465d, 0xff7e8089, 0xff878a90, 0xff56575c,
    0xff404144, 0xff36373c, 0xff2d2d30, 0xff2c2e36, 0xff223160, 0xff1e316b,
    0xff203269, 0xff292e3a, 0xffa6a9b9, 0xffc9c9d3, 0xffa6a9b9, 0xff777b83,
    0xff3c3c40, 0xff7e8089, 0xff6a6d7d, 0xff7e8089, 0xff777b83, 0xff515462,
    0xff404144, 0xff404144, 0xffb3b1af, 0xffcccccb, 0xffc6c3be, 0xff8a8d95,
    0xff404144, 0xff73767c, 0xff7e8089, 0xff9496a1, 0xff4c505b, 0xff1f2c55,
    0xff1f336d, 0xff282d45, 0xff292a2e, 0xff2d2d30, 0xff36373c, 0xff404144,
    0xff5c5c61, 0xff8a8d95, 0xff758090, 0xff354161, 0xff122047, 0xff111f44,
    0xff0e1a3b, 0xff0f1d41, 0xff101e43, 0xff152249, 0xff4e546a, 0xff8a8d95,
    0xff595a5d, 0xff36373c, 0xff323337, 0xff292a2e, 0xff2c2e36, 0xff1f2c55,
    0xff282d45, 0xffa0a1aa, 0xffc9c9d3, 0xffa6a9b9, 0xff758090, 0xff656785,
    0xff383a48, 0xff6a6d7d, 0xff515462, 0xff7e8089, 0xffa5a7ae, 0xff575964,
    0xff434449, 0xff56575c, 0xffc2c2c4, 0xff909296, 0xff9c9c9e, 0xff93928d,
    0xff36373c, 0xff4e4f52, 0xff50545d, 0xff858688, 0xff909296, 0xff292a2e,
    0xff232634, 0xff292a2e, 0xff292a2e, 0xff2c2e36, 0xff36373c, 0xff62646a,
    0xff878a90, 0xff494d63, 0xff172856, 0xff152450, 0xff122047, 0xff122047,
    0xff111d42, 0xff101e43, 0xff13224c, 0xff15234f, 0xff172755, 0xff41465d,
    0xff878a90, 0xff606162, 0xff323337, 0xff292a2e, 0xff262628, 0xff1c1c1e,
    0xff48484b, 0xffafb1b9, 0xffa6a9b9, 0xff656785, 0xff6a6d7d, 0xff484d5a,
    0xff1d1f2a, 0xff3c4152, 0xff616571, 0xff989898, 0xffb7b8c4, 0xff5c606e,
    0xff404144, 0xff5c5c61, 0xffc1bfbc, 0xffaba9a4, 0xff858688, 0xff606162,
    0xff2c2e36, 0xff404144, 0xff404144, 0xff4e4f52, 0xff595a5d, 0xff2d2d30,
    0xff1e1f22, 0xff222226, 0xff292a2e, 0xff323337, 0xff62646a, 0xff858688,
    0xff354161, 0xff1a2c5f, 0xff172959, 0xff172757, 0xff152450, 0xff13224c,
    0xff101e43, 0xff122047, 0xff15234f, 0xff15234f, 0xff182859, 0xff1c2c60,
    0xff2e3b5e, 0xff7e8089, 0xff666666, 0xff323337, 0xff262628, 0xff222226,
    0xff222226, 0xff404144, 0xff494d63, 0xff5e617c, 0xff494d63, 0xff222930,
    0xff070a19, 0xff08112b, 0xff464a58, 0xff404144, 0xff989898, 0xff2d2d30,
    0xff1e1f22, 0xff434449, 0xff707172, 0xff504e4a, 0xff595a5d, 0xff25221f,
    0xff222226, 0xff36373c, 0xff323337, 0xff1c1c1e, 0xff18191a, 0xff1c1c1e,
    0xff1e1f22, 0xff222226, 0xff323337, 0xff6b6b70, 0xff73767c, 0xff2a3b74,
    0xff1d3169, 0xff1c2f65, 0xff1a2c5f, 0xff172959, 0xff172856, 0xff15244f,
    0xff111f44, 0xff15234f, 0xff162553, 0xff182859, 0xff1b2d62, 0xff1c2d63,
    0xff203269, 0xff283763, 0xff6a6d7d, 0xff62646a, 0xff323337, 0xff222226,
    0xff1e1f22, 0xff18191a, 0xff1e1f22, 0xff292a2e, 0xff31343e, 0xff6e7179,
    0xff5c606e, 0xff232634, 0xff010103, 0xff010103, 0xff2d2d30, 0xff383a48,
    0xff4c4945, 0xff1c1c1e, 0xff141413, 0xff010103, 0xff100f0e, 0xff4f4f4f,
    0xff989898, 0xff8e8c8a, 0xff14151a, 0xff18191a, 0xff18191a, 0xff1c1c1e,
    0xff1e1f22, 0xff323337, 0xff62646a, 0xff5c606e, 0xff2a3b74, 0xff223778,
    0xff203471, 0xff1d3169, 0xff1d3068, 0xff192a5b, 0xff172959, 0xff172755,
    0xff13224c, 0xff15234f, 0xff172757, 0xff19295b, 0xff1c2d63, 0xff1e316b,
    0xff223675, 0xff223675, 0xff273357, 0xff666666, 0xff62646a, 0xff36373c,
    0xff25221f, 0xff222226, 0xff1c1c1e, 0xff010103, 0xff1d1f2a, 0xff4e546a,
    0xffa4a4a4, 0xffabaeb0, 0xff141413, 0xff010103, 0xff010103, 0xff14151a,
    0xff25221f, 0xff010103, 0xff010103, 0xff010103, 0xff403f3b, 0xffc8c9c8,
    0xff9c9c9e, 0xff7e7e7d, 0xff141413, 0xff14151a, 0xff1c1c1e, 0xff1c1c1e,
    0xff323337, 0xff62646a, 0xff66676c, 0xff282d45, 0xff263d82, 0xff253a7e,
    0xff223778, 0xff203471, 0xff1d3169, 0xff1c2f65, 0xff1a2c5f, 0xff172959,
    0xff15234f, 0xff162553, 0xff19295b, 0xff1b2d62, 0xff1c2f65, 0xff203470,
    0xff223675, 0xff1a2a5b, 0xff464a58, 0xffa6a9b9, 0xff858688, 0xff666666,
    0xff404144, 0xff1e1f22, 0xff14151a, 0xff14151a, 0xff3c4152, 0xff54596b,
    0xff5f6f7d, 0xff36373c, 0xff100f0e, 0xff070a19, 0xff1d1f2a, 0xff4a4a4e,
    0xff606162, 0xff4c4945, 0xff292723, 0xff100f0e, 0xff18191a, 0xff686761,
    0xffaba9a4, 0xff858688, 0xff5c5c61, 0xff141413, 0xff1c1c1e, 0xff3c3c40,
    0xff595a5d, 0xff5c5c61, 0xff9c9c9e, 0xff707172, 0xff182344, 0xff263d82,
    0xff253a7e, 0xff203471, 0xff1e316b, 0xff1d3169, 0xff1b2d62, 0xff192a5b,
    0xff152553, 0xff182859, 0xff1a2c5f, 0xff1c2d63, 0xff1e316b, 0xff223675,
    0xff24356b, 0xff3c4152, 0xffb7b8c4, 0xffc2c4cd, 0xff656785, 0xff494d63,
    0xff6b6b70, 0xff48484b, 0xff141413, 0xff262628, 0xff41465d, 0xff515462,
    0xff18191a, 0xff010103, 0xff070f26, 0xff151e3f, 0xff41465d, 0xffb3b1af,
    0xffdbd9d5, 0xffa1a1a0, 0xff66615a, 0xff504e4a, 0xff141413, 0xff010103,
    0xff4f4f4f, 0xff8e8c8a, 0xff7e7e7d, 0xff222226, 0xff404144, 0xff595a5d,
    0xff3c3c40, 0xff2d2d30, 0xff707172, 0xffa5a7ae, 0xff666666, 0xff162653,
    0xff263d82, 0xff23387a, 0xff203471, 0xff1e326b, 0xff1c2f65, 0xff1a2b5e,
    0xff152553, 0xff19295b, 0xff1a2c5f, 0xff1c2f65, 0xff213572, 0xff223778,
    0xff33447a, 0xffa6a9b9, 0xffc9c9d3, 0xff7e8089, 0xff41465d, 0xff575d75,
    0xff5e617c, 0xff6b6b70, 0xff434449, 0xff0e1014, 0xff1e2339, 0xff0e1014,
    0xff010103, 0xff08112b, 0xff303851, 0xff54596b, 0xff515462, 0xff8e8c8a,
    0xffb3b1af, 0xff93928d, 0xff8e8c8a, 0xff93928d, 0xff615e57, 0xff25221f,
    0xff010103, 0xff504e4a, 0xff4c4945, 0xff434449, 0xff56575c, 0xff404144,
    0xff323337, 0xff2d2d30, 0xff292a2e, 0xff7e7e7d, 0xffa0a1aa, 0xff4e546a,
    0xff273e85, 0xff253a7e, 0xff223778, 0xff203470, 0xff1d3169, 0xff1b2d62,
    0xff172757, 0xff1a2b5e, 0xff1c2d63, 0xff1e316b, 0xff213572, 0xff23387a,
    0xff3e4e84, 0xffb7b8c4, 0xff888b9b, 0xff41465d, 0xff4e546a, 0xff5e617c,
    0xff656785, 0xff575d75, 0xff535357, 0xff262628, 0xff14151a, 0xff070a19,
    0xff303851, 0xff354161, 0xff1e263f, 0xff1f2a4a, 0xff41465d, 0xff515462,
    0xff73767c, 0xff707172, 0xff7e7e7d, 0xff4c4945, 0xff66615a, 0xff8e8c8a,
    0xff504e4a, 0xff25221f, 0xff36373c, 0xff48484b, 0xff48484b, 0xff4a4a4e,
    0xff403f3b, 0xff323337, 0xff262628, 0xff2d2d30, 0xff909296, 0xff717fa8,
    0xff284089, 0xff253a7e, 0xff23387a, 0xff203471, 0xff1e326b, 0xff1b2d62,
    0xff172757, 0xff1a2c5f, 0xff1c2f65, 0xff1f336d, 0xff223778, 0xff24397b,
    0xff284089, 0xffafb1b9, 0xff656785, 0xff354161, 0xff4e546a, 0xff575d75,
    0xff5e617c, 0xff656785, 0xff515462, 0xff56575c, 0xff36373c, 0xff282d45,
    0xff758090, 0xff2d323a, 0xff292e3a, 0xff888b9b, 0xff515462, 0xff494d63,
    0xff66676c, 0xff5c5c61, 0xffaba9a4, 0xffaeadaa, 0xff25221f, 0xffaeadaa,
    0xffb9b8b4, 0xff403f3b, 0xff404550, 0xff48484b, 0xff56575c, 0xff434449,
    0xff3c3c40, 0xff323337, 0xff2d2d30, 0xff292723, 0xff858688, 0xff687499,
    0xff284089, 0xff284089, 0xff23387a, 0xff203471, 0xff1f336d, 0xff1c2f65,
    0xff182859, 0xff1a2c5f, 0xff1c2f65, 0xff203470, 0xff223778, 0xff253a7e,
    0xff284089, 0xffa6a9b9, 0xff888b9b, 0xff41465d, 0xff494d63, 0xff575d75,
    0xff5e617c, 0xff656785, 0xff687499, 0xff5f6f7d, 0xff262c37, 0xff3f4a55,
    0xff2e3548, 0xff404550, 0xffd3d3d3, 0xff9496a1, 0xff484d5a, 0xff595d69,
    0xff73767c, 0xff858688, 0xff93928d, 0xffe7e7e6, 0xffd0ceca, 0xff403f3b,
    0xff7e7e7d, 0xff686761, 0xff656974, 0xff6b6e74, 0xff595a5d, 0xff48484b,
    0xff403f3b, 0xff323337, 0xff292723, 0xff36373c, 0xffa0a1aa, 0xff53659a,
    0xff284089, 0xff263d82, 0xff253a7e, 0xff223778, 0xff203470, 0xff1d3169,
    0xff182859, 0xff1c2d63, 0xff1d3068, 0xff203471, 0xff223778, 0xff253a7e,
    0xff273e85, 0xff53659a, 0xffb7b8c4, 0xff7e859d, 0xff494d63, 0xff4e546a,
    0xff5e617c, 0xff656785, 0xff656785, 0xff383a48, 0xff2e3548, 0xff354161,
    0xff516978, 0xffabaeb0, 0xff979fa7, 0xff595d69, 0xff656974, 0xff989898,
    0xffaeadaa, 0xff9c9c9e, 0xffa9a7a2, 0xffa9a7a2, 0xffe3e1de, 0xffdbd9d5,
    0xff858688, 0xff686761, 0xff666666, 0xff6b6b70, 0xff62646a, 0xff4f4f4f,
    0xff404144, 0xff2d2d30, 0xff434449, 0xff979fa7, 0xff717fa8, 0xff2e4798,
    0xff2b4491, 0xff284089, 0xff263d82, 0xff23387a, 0xff203471, 0xff1d3169,
    0xff19295b, 0xff1c2c60, 0xff1e316b, 0xff203471, 0xff223778, 0xff263d82,
    0xff284089, 0xff2b4491, 0xff42579b, 0xffa6a9b9, 0xffa0a1aa, 0xff575d75,
    0xff575d75, 0xff656785, 0xff575d75, 0xff31343e, 0xff303851, 0xff2e3b5e,
    0xff799099, 0xff799099, 0xff48616f, 0xff979fa7, 0xffa0a1aa, 0xffb9baba,
    0xffcccccb, 0xffa9a7a2, 0xffc1bfbc, 0xffb3b1af, 0xffaba9a4, 0xffd7d6d3,
    0xffa1a1a0, 0xff615e57, 0xff7e7e7d, 0xff6b6b70, 0xff606162, 0xff535357,
    0xff404144, 0xff4a4a4e, 0xffa0a1aa, 0xff717fa8, 0xff304ba1, 0xff2b4491,
    0xff2b4491, 0xff273e85, 0xff263d82, 0xff23387a, 0xff203471, 0xff1e316b,
    0xff1a2b5e, 0xff1c2d63, 0xff1e316b, 0xff203471, 0xff23387a, 0xff263d82,
    0xff284089, 0xff2b4491, 0xff2e4798, 0xff49588a, 0xffb7b8c4, 0xff7e859d,
    0xff494d63, 0xff656785, 0xff656785, 0xff383a48, 0xff3c4152, 0xff3f4a55,
    0xff758090, 0xff5f6f7d, 0xff799099, 0xffe5e4e2, 0xffd7d6d3, 0xffd7d6d3,
    0xfff0efed, 0xffb9b8b4, 0xffdbd9d5, 0xffdfdedc, 0xffaeadaa, 0xffc6c3be,
    0xffa9a7a2, 0xff7e7e7d, 0xff73767c, 0xff66676c, 0xff606162, 0xff535357,
    0xff403f3b, 0xff878a90, 0xff7e859d, 0xff304ba1, 0xff304ba1, 0xff2e4798,
    0xff2b4491, 0xff284089, 0xff263d82, 0xff223778, 0xff203471, 0xff1e316b,
    0xff1a2b5e, 0xff1c2c60, 0xff1e316b, 0xff213572, 0xff24397b, 0xff263d82,
    0xff284089, 0xff2b4491, 0xff2e4798, 0xff656974, 0xffb7b8c4, 0xff888b9b,
    0xff494d63, 0xff5e617c, 0xff656785, 0xff3c4152, 0xff2c2e36, 0xff5f6f7d,
    0xff758090, 0xff6c7788, 0xffb6c3c6, 0xfffefefe, 0xffd3d3d3, 0xffdfdedc,
    0xfffefefe, 0xffd0ceca, 0xffdfdedc, 0xfffafafa, 0xffd0ceca, 0xffb9b8b4,
    0xffd0ceca, 0xff989898, 0xff595a5d, 0xff66676c, 0xff595a5d, 0xff4f4f4f,
    0xff404144, 0xff989898, 0xff6b6b70, 0xff2a3b74, 0xff304ba1, 0xff2e4798,
    0xff2b4491, 0xff284089, 0xff263d82, 0xff23387a, 0xff203471, 0xff1e316b,
    0xff1a2b5e, 0xff1c2d63, 0xff1e316b, 0xff203471, 0xff223778, 0xff263d82,
    0xff284089, 0xff2b4491, 0xff304ba1, 0xffa0a1aa, 0xffb7b8c4, 0xff888b9b,
    0xff494d63, 0xff575d75, 0xff575d75, 0xff262c37, 0xff2d323a, 0xff5f6f7d,
    0xff6c7788, 0xff799099, 0xffb6c3c6, 0xffdfdedc, 0xffb9baba, 0xffe5e4e2,
    0xfffefefe, 0xffdbd9d5, 0xffc6c3be, 0xfff7f7f7, 0xffe5e4e2, 0xffc6c3be,
    0xffc6c3be, 0xffb3b1af, 0xff606162, 0xff5c5c61, 0xff595a5d, 0xff48484b,
    0xff404144, 0xff989898, 0xff7e7e7d, 0xff49588a, 0xff304ba1, 0xff2e4798,
    0xff2b4491, 0xff284089, 0xff263d82, 0xff23387a, 0xff203471, 0xff1d3169,
    0xff19295b, 0xff1c2c60, 0xff1d3068, 0xff203470, 0xff223778, 0xff253a7e,
    0xff273e85, 0xff2b4491, 0xff2e4798, 0xff888b9b, 0xffafb1b9, 0xff979fa7,
    0xff494d63, 0xff54596b, 0xff383a48, 0xff14151a, 0xff435869, 0xff516978,
    0xff758090, 0xff839ca3, 0xff979fa7, 0xff839ca3, 0xffc1bfbc, 0xffececeb,
    0xfffefefe, 0xffeaeae9, 0xffc6c3be, 0xffdbd9d5, 0xffe5e4e2, 0xffdbd9d5,
    0xffc6c3be, 0xffb9b8b4, 0xff7e7e7d, 0xff4f4f4f, 0xff595a5d, 0xff48484b,
    0xff48484b, 0xff9c9c9e, 0xff6b6e74, 0xff42579b, 0xff304ba1, 0xff2b4491,
    0xff2b4491, 0xff284089, 0xff263d82, 0xff223778, 0xff203471, 0xff1d3169,
    0xff182859, 0xff1c2c60, 0xff1d3068, 0xff203471, 0xff223778, 0xff253a7e,
    0xff273e85, 0xff2b4491, 0xff2b4491, 0xff7e859d, 0xffabaeb0, 0xff979fa7,
    0xff494d63, 0xff383a48, 0xff222226, 0xff2d323a, 0xff466773, 0xff516978,
    0xff799099, 0xff839ca3, 0xff839ca3, 0xffabaeb0, 0xffd3d1ce, 0xffe7e7e6,
    0xfffafafa, 0xfff0efed, 0xffd0ceca, 0xffb9b8b4, 0xffe3e1de, 0xffe3e1de,
    0xffcbc9c5, 0xffc1bfbc, 0xffa1a1a0, 0xff4a4a4e, 0xff434449, 0xff404144,
    0xff56575c, 0xffa1a1a0, 0xff6b6b70, 0xff42579b, 0xff2e4798, 0xff2b4491,
    0xff2b4491, 0xff273e85, 0xff253a7e, 0xff223778, 0xff1f336d, 0xff1d3169,
    0xff18295a, 0xff192a5b, 0xff1c2f65, 0xff1f336d, 0xff213572, 0xff253a7e,
    0xff273e85, 0xff2a428b, 0xff2b4491, 0xff687499, 0xffa0a1aa, 0xff979fa7,
    0xff2d323a, 0xff404144, 0xff2d323a, 0xff292e3a, 0xff48616f, 0xff466773,
    0xff839ca3, 0xff839ca3, 0xff979fa7, 0xffc8c9c8, 0xffd7d6d3, 0xffe3e1de,
    0xfff3f2f2, 0xffeaeae9, 0xffdbd9d5, 0xffc9c7c1, 0xffc9c7c1, 0xffe5e4e2,
    0xffd0ceca, 0xffb9b8b4, 0xffb9b8b4, 0xff7e8089, 0xff4e4f52, 0xff2d2d30,
    0xff606162, 0xff989898, 0xff6b6e74, 0xff324c9c, 0xff2e4798, 0xff2b4491,
    0xff284089, 0xff273e85, 0xff24397b, 0xff223778, 0xff1e326b, 0xff1c2f65,
    0xff172755, 0xff192a5b, 0xff1b2d62, 0xff1e316b, 0xff203471, 0xff23387a,
    0xff253a7e, 0xff284089, 0xff2b4491, 0xff53659a, 0xff9c9c9e, 0xff73767c,
    0xff4c505b, 0xff4c505b, 0xff0e1014, 0xff232a35, 0xff435869, 0xff516978,
    0xff839ca3, 0xff799099, 0xffabaeb0, 0xffd3d3d3, 0xffd7d6d3, 0xffe3e1de,
    0xfff0efed, 0xffe3e1de, 0xffdbd9d5, 0xffc9c7c1, 0xffc6c3be, 0xffdbd9d5,
    0xffd3d1ce, 0xffb9b8b4, 0xffaba9a4, 0xff404144, 0xff858688, 0xff4f4f4f,
    0xff595a5d, 0xff909296, 0xff5e617c, 0xff304ba1, 0xff2b4491, 0xff2b4491,
    0xff284089, 0xff253a7e, 0xff223778, 0xff203471, 0xff1d3068, 0xff1c2d63,
    0xff152553, 0xff182859, 0xff1a2c5f, 0xff1d3068, 0xff203470, 0xff223675,
    0xff24397b, 0xff273e85, 0xff2a428b, 0xff3e4e84, 0xff66676c, 0xff6b6b70,
    0xff50545d, 0xff1d1f2a, 0xff0e1014, 0xff222930, 0xff435869, 0xff466773,
    0xff799099, 0xff799099, 0xffb9baba, 0xffd7d6d3, 0xffdcdbd9, 0xffe5e4e2,
    0xffececeb, 0xffe3e1de, 0xffdbd9d5, 0xffdbd9d5, 0xffc6c3be, 0xffd0ceca,
    0xffdbd9d5, 0xffc1bfbc, 0xffaba9a4, 0xff2c2e36, 0xff36373c, 0xff777b83,
    0xff777b83, 0xff606162, 0xff48616f, 0xff2e4798, 0xff2b4491, 0xff2a428b,
    0xff273e85, 0xff253a7e, 0xff223675, 0xff203470, 0xff1c2f65, 0xff1b2d62,
    0xff152450, 0xff172757, 0xff192a5b, 0xff1c2d63, 0xff1f336d, 0xff203471,
    0xff23387a, 0xff263d82, 0xff263d82, 0xff303851, 0xff656974, 0xff484d5a,
    0xff1e2430, 0xff1e2430, 0xff0e1014, 0xff222930, 0xff466773, 0xff516978,
    0xff758090, 0xff799099, 0xffc2c2c4, 0xffdcdbd9, 0xffe5e4e2, 0xfff0efed,
    0xfff3f2f2, 0xffe3e1de, 0xffdbd9d5, 0xffdbd9d5, 0xffc9c7c1, 0xffc9c7c1,
    0xffdbd9d5, 0xffc1bfbc, 0xffa4a4a4, 0xff2d2d30, 0xff2d323a, 0xff2d323a,
    0xff73767c, 0xff707172, 0xff303851, 0xff2b4491, 0xff2b4491, 0xff273e85,
    0xff263d82, 0xff24397b, 0xff203471, 0xff1e316b, 0xff1b2d62, 0xff192a5b,
    0xff14234d, 0xff152553, 0xff182859, 0xff1a2c5f, 0xff1d3068, 0xff1f336d,
    0xff223675, 0xff213572, 0xff303851, 0xff62646a, 0xff484d5a, 0xff1e2430,
    0xff232a35, 0xff1e2430, 0xff36373c, 0xff3c3c40, 0xff466773, 0xff5f6f7d,
    0xff5f6f7d, 0xff758090, 0xffc9c7c1, 0xffdfdedc, 0xffececeb, 0xfff7f7f7,
    0xfff7f7f7, 0xfff0efed, 0xffdbd9d5, 0xffdbd9d5, 0xffc9c7c1, 0xffc9c7c1,
    0xffd3d1ce, 0xffc9c7c1, 0xffaeadaa, 0xff595a5d, 0xff262c37, 0xff36373c,
    0xff2d323a, 0xff777b83, 0xff6b6b70, 0xff223160, 0xff273e85, 0xff263d82,
    0xff23387a, 0xff203471, 0xff203470, 0xff1c2f65, 0xff1a2c5f, 0xff182859,
    0xff132149, 0xff15234f, 0xff172856, 0xff19295b, 0xff1c2f65, 0xff1e326b,
    0xff1e326b, 0xff303851, 0xff656974, 0xff404550, 0xff1e2430, 0xff232a35,
    0xff1e2430, 0xff595d69, 0xff73767c, 0xff222226, 0xff2e3548, 0xff516978,
    0xff516978, 0xff758090, 0xffc8c9c8, 0xffdfdedc, 0xfff0efed, 0xfffafafa,
    0xfffafafa, 0xfff0efed, 0xffd0ceca, 0xffc9c7c1, 0xffc9c7c1, 0xffb9b8b4,
    0xffd0ceca, 0xffb3b1af, 0xff6b6b70, 0xffb9baba, 0xff66676c, 0xff222930,
    0xff2d323a, 0xff2c2e36, 0xff656974, 0xff6a6d7d, 0xff2a3b74, 0xff24397b,
    0xff223778, 0xff203471, 0xff1d3169, 0xff1b2d62, 0xff19295b, 0xff172755,
    0xff111f44, 0xff13224c, 0xff152450, 0xff172856, 0xff192a5b, 0xff1c2d5c,
    0xff2e3548, 0xff656974, 0xff3f4a55, 0xff1e2430, 0xff232a35, 0xff1e2430,
    0xff616571, 0xff878a90, 0xff404144, 0xff1e1f22, 0xff1e1f22, 0xff435869,
    0xff48616f, 0xff73767c, 0xffc2c2c4, 0xffe5e4e2, 0xfff0efed, 0xfff7f7f7,
    0xfffafafa, 0xffe7e7e6, 0xffc9c7c1, 0xff8e8c8a, 0xffa9a7a2, 0xffaba9a4,
    0xffcbc9c5, 0xff93928d, 0xff292723, 0xff595a5d, 0xffafb1b9, 0xff73767c,
    0xff262c37, 0xff2c2e36, 0xff2d2d30, 0xff6e7179, 0xff6c7788, 0xff24356b,
    0xff203471, 0xff1d3269, 0xff1c2f65, 0xff192a5b, 0xff172755, 0xff162551,
    0xff101d41, 0xff132149, 0xff15234f, 0xff162651, 0xff172755, 0xff2e3548,
    0xff595d69, 0xff484d5a, 0xff232a35, 0xff232a35, 0xff262c37, 0xff616571,
    0xff73767c, 0xff36373c, 0xff31343e, 0xff292a2e, 0xff1e1f22, 0xff48616f,
    0xff516978, 0xff5f6f7d, 0xffa5a7ae, 0xffdcdbd9, 0xffeaeae9, 0xfff3f2f2,
    0xfff0efed, 0xffdbd9d5, 0xffaba9a4, 0xff25221f, 0xff989898, 0xffc1bfbc,
    0xffcbc9c5, 0xff858688, 0xff2d2d30, 0xff2d2d30, 0xff403f3b, 0xffa0a1aa,
    0xff777b83, 0xff2d323a, 0xff292e3a, 0xff3c3c40, 0xff6b6e74, 0xff616571,
    0xff223160, 0xff1c2f65, 0xff1c2d5c, 0xff172856, 0xff152553, 0xff14234d,
    0xff0f1b3c, 0xff111f44, 0xff132149, 0xff14234d, 0xff282d45, 0xff595d69,
    0xff31343e, 0xff1e2339, 0xff232a35, 0xff292e3a, 0xff5f6f7d, 0xff909296,
    0xff434449, 0xff1e1f22, 0xff2d2d30, 0xff2d2d30, 0xff1c1c1e, 0xff466773,
    0xff516978, 0xff5f6f7d, 0xff878a90, 0xffafb1b9, 0xffd7d6d3, 0xffe5e4e2,
    0xffe3e1de, 0xffd0ceca, 0xffb3b1af, 0xffaba9a4, 0xffb9b8b4, 0xffc8c9c8,
    0xffcbc9c5, 0xff707172, 0xff292a2e, 0xff323337, 0xff222226, 0xff292a2e,
    0xff8a8d95, 0xff777b83, 0xff31343e, 0xff2d323a, 0xff232a35, 0xff50545d,
    0xff5c606e, 0xff1c2d5c, 0xff172959, 0xff152553, 0xff14234d, 0xff122047,
    0xff0d1a39, 0xff101d41, 0xff0f1d41, 0xff1e263f, 0xff4c505b, 0xff303851,
    0xff1e2430, 0xff232a35, 0xff292e3a, 0xff54596b, 0xff38476c, 0xff576387,
    0xff909296, 0xff4c4945, 0xff1e1f22, 0xff222226, 0xff1e1f22, 0xff3f4a55,
    0xff516978, 0xff516978, 0xff888b9b, 0xffabaeb0, 0xffc1bfbc, 0xffcccccb,
    0xffcbc9c5, 0xffc1bfbc, 0xffc6c3be, 0xffcccccb, 0xffd3d1ce, 0xffd0ceca,
    0xffb9b8b4, 0xff4c4945, 0xff323337, 0xff292a2e, 0xff262628, 0xff666666,
    0xff758090, 0xff576387, 0xff6e7179, 0xff2d323a, 0xff2d323a, 0xff262c37,
    0xff595d69, 0xff41465d, 0xff152553, 0xff13224c, 0xff122047, 0xff111f44,
    0xff0d1937, 0xff0e193a, 0xff121e3f, 0xff3c4152, 0xff464a58, 0xff1e2430,
    0xff232a35, 0xff232a35, 0xff4c505b, 0xff2e3b5e, 0xff1e316b, 0xff203471,
    0xff3e4e84, 0xff7e859d, 0xff535357, 0xff1c1c1e, 0xff18191a, 0xff262628,
    0xff48616f, 0xff516978, 0xff9c9c9e, 0xffcccccb, 0xffc8c9c8, 0xffc7c7c8,
    0xffc8c9c8, 0xffcccccb, 0xffdbd9d5, 0xffdfdedc, 0xffdfdedc, 0xffd3d3d3,
    0xff9c9c9e, 0xff292a2e, 0xff262628, 0xff323337, 0xff7e7e7d, 0xff687499,
    0xff24397b, 0xff223675, 0xff575d75, 0xff54596b, 0xff2d323a, 0xff2d323a,
    0xff262c37, 0xff73767c, 0xff2e3548, 0xff13224c, 0xff101e43, 0xff101d3f,
    0xff0c1735, 0xff0d1937, 0xff1e2339, 0xff54596b, 0xff292e3a, 0xff232a35,
    0xff262c37, 0xff292e3a, 0xff4e546a, 0xff1c2d5c, 0xff1c2d63, 0xff1d3169,
    0xff203470, 0xff2a3b74, 0xff6c7788, 0xff707172, 0xff1e1f22, 0xff141413,
    0xff3f4a55, 0xff616571, 0xff979fa7, 0xffcccccb, 0xffdcdbd9, 0xffdcdbd9,
    0xffd7d6d3, 0xffdfdedc, 0xffe7e7e6, 0xffeaeae9, 0xffe5e4e2, 0xffcccccb,
    0xff606162, 0xff18191a, 0xff4a4a4e, 0xff8a8d95, 0xff49588a, 0xff213572,
    0xff203471, 0xff1f336d, 0xff223160, 0xff73767c, 0xff2d323a, 0xff31343e,
    0xff2d323a, 0xff404550, 0xff656974, 0xff111f44, 0xff0f1c3e, 0xff0f1b3c,
    0xff0b1531, 0xff0c1732, 0xff383a48, 0xff3f4a55, 0xff232a35, 0xff232a35,
    0xff262c37, 0xff3f4a55, 0xff494d63, 0xff172757, 0xff1a2a5b, 0xff1a2c5f,
    0xff1c2f65, 0xff1e316b, 0xff203470, 0xff44517a, 0xff6b6e74, 0xff222226,
    0xff222930, 0xff5f6f7d, 0xff979fa7, 0xffc8c9c8, 0xffe5e4e2, 0xffececeb,
    0xffececeb, 0xffececeb, 0xffececeb, 0xffeaeae9, 0xffe5e4e2, 0xffb3b1af,
    0xff25221f, 0xff606162, 0xff7e859d, 0xff33447a, 0xff203471, 0xff1f336d,
    0xff1d3068, 0xff1b2d62, 0xff1a2a5b, 0xff6c7788, 0xff4c505b, 0xff2d323a,
    0xff2d323a, 0xff262c37, 0xff656974, 0xff282d45, 0xff0f1b3c, 0xff0d1937,
    0xff0a142f, 0xff10182d, 0xff3f4a55, 0xff292e3a, 0xff262c37, 0xff464a58,
    0xff54596b, 0xff41465d, 0xff19264c, 0xff162653, 0xff172757, 0xff1a2b5e,
    0xff1a2b5e, 0xff1c2d63, 0xff1d3169, 0xff1d3169, 0xff223160, 0xff595d69,
    0xff36373c, 0xff5c606e, 0xff909296, 0xffc2c4cd, 0xffececeb, 0xfff7f7f7,
    0xfff7f7f7, 0xfff0f0ef, 0xfff0f0ef, 0xffe7e7e6, 0xffe5e4e2, 0xff858688,
    0xff6b6b70, 0xff687499, 0xff203470, 0xff1d3068, 0xff1d3068, 0xff1b2d62,
    0xff1a2c5f, 0xff192a5b, 0xff172856, 0xff273357, 0xff575d75, 0xff6c7788,
    0xff575964, 0xff2d323a, 0xff464a58, 0xff3f4a55, 0xff0c1735, 0xff0c1735,
    0xff081129, 0xff151c30, 0xff515462, 0xff3c4152, 0xff3f4a55, 0xff303851,
    0xff182344, 0xff111d42, 0xff111f44, 0xff132149, 0xff14234d, 0xff354161,
    0xff38476c, 0xff38476c, 0xff283763, 0xff1c2d5c, 0xff1c2f65, 0xff1c2c60,
    0xff3c4152, 0xff616571, 0xff8a8d95, 0xffc2c2c4, 0xffececeb, 0xfff7f7f7,
    0xfffafafa, 0xfff7f7f7, 0xffececeb, 0xffe5e4e2, 0xffdfdedc, 0xff878a90,
    0xff38476c, 0xff1d3068, 0xff1c2f65, 0xff24356b, 0xff44517a, 0xff38476c,
    0xff38476c, 0xff152553, 0xff152450, 0xff15234f, 0xff122047, 0xff1f2a4a,
    0xff4e546a, 0xff575d75, 0xff50545d, 0xff616571, 0xff0c1735, 0xff0b1531,
    0xff071028, 0xff10182d, 0xff3c4152, 0xff1e263f, 0xff0c1732, 0xff0c1735,
    0xff0d1a39, 0xff0f1b3c, 0xff101d3f, 0xff101d41, 0xff132149, 0xff2e3b5e,
    0xff283763, 0xff38476c, 0xff283763, 0xff172856, 0xff182859, 0xff1a2b5e,
    0xff1a2b5e, 0xff303851, 0xff8a8d95, 0xffc2c2c4, 0xffe5e4e2, 0xfff7f7f7,
    0xfff7f7f7, 0xfff7f7f7, 0xfff0f0ef, 0xffeaeae9, 0xffafb1b9, 0xff1f2c55,
    0xff1a2c5f, 0xff1a2c5f, 0xff182859, 0xff283763, 0xff38476c, 0xff283763,
    0xff38476c, 0xff19264c, 0xff122047, 0xff111d42, 0xff0f1c3e, 0xff0f1b3c,
    0xff0f1b3c, 0xff121b36, 0xff303851, 0xff4e546a, 0xff0a142f, 0xff0a142d,
    0xff070f26, 0xff071028, 0xff071028, 0xff0a122b, 0xff0a142f, 0xff0b1531,
    0xff0c1732, 0xff0d1937, 0xff0f1b3c, 0xff101d3f, 0xff1f2a4a, 0xff41465d,
    0xff2e3b5e, 0xff354161, 0xff38476c, 0xff1b2854, 0xff162653, 0xff162653,
    0xff172755, 0xff152553, 0xff3c4152, 0xffafb1b9, 0xffdfdedc, 0xfff3f2f2,
    0xfffafafa, 0xfffefefe, 0xfff0f0ef, 0xffc7c7c8, 0xff2e3b5e, 0xff172959,
    0xff172757, 0xff172757, 0xff172856, 0xff38476c, 0xff38476c, 0xff2e3b5e,
    0xff38476c, 0xff1f2c55, 0xff101d41, 0xff101d3f, 0xff0e1a3b, 0xff0e1938,
    0xff0c1735, 0xff0c1732, 0xff0b1531, 0xff0a142f, 0xff08112b, 0xff081129,
    0xff070f23, 0xff070f23, 0xff070f26, 0xff070f26, 0xff09122b, 0xff0a142f,
    0xff0b1531, 0xff0b1531, 0xff0c1735, 0xff0c1735, 0xff0e1a3b, 0xff0f1b3c,
    0xff354161, 0xff273357, 0xff111f44, 0xff121e43, 0xff13224c, 0xff15234f,
    0xff152553, 0xff152553, 0xff15234f, 0xff1f2a4a, 0xff54596b, 0xff6c7788,
    0xff7e8089, 0xff6c7788, 0xff41465d, 0xff19264c, 0xff152450, 0xff152450,
    0xff15234f, 0xff14234d, 0xff14234d, 0xff13224c, 0xff273357, 0xff354161,
    0xff111d42, 0xff0f1c3e, 0xff0d1a39, 0xff0e1938, 0xff0d1937, 0xff0c1735,
    0xff0b1531, 0xff0a142d, 0xff0a122b, 0xff081129, 0xff081129, 0xff081027,
    0xff070f23, 0xff070f23, 0xff070f26, 0xff070f26, 0xff071028, 0xff081129,
    0xff0a142d, 0xff0a142f, 0xff0a142f, 0xff0b1531, 0xff0c1735, 0xff0c1735,
    0xff121e3f, 0xff0f1b3c, 0xff101d41, 0xff111d42, 0xff101e43, 0xff111d42,
    0xff111f44, 0xff132149, 0xff132149, 0xff132149, 0xff13224c, 0xff13224c,
    0xff132149, 0xff13224c, 0xff13224c, 0xff13224c, 0xff132149, 0xff122047,
    0xff122047, 0xff111f44, 0xff111d42, 0xff0f1c3e, 0xff101d41, 0xff151e3f,
    0xff0d1b3a, 0xff0d1937, 0xff0c1735, 0xff0c1735, 0xff0b1531, 0xff0b1531,
    0xff0a142d, 0xff08112b, 0xff08112b, 0xff081129, 0xff071028, 0xff081027,
    0xff070f23, 0xff070f23, 0xff070f23, 0xff070f23, 0xff070f23, 0xff070f26,
    0xff081129, 0xff08112b, 0xff0a142d, 0xff0a142f, 0xff0b1531, 0xff0c1732,
    0xff0c1735, 0xff0c1735, 0xff0d1937, 0xff0e193a, 0xff0f1c3e, 0xff0f1c3e,
    0xff101d41, 0xff101d41, 0xff101d41, 0xff101d41, 0xff111d42, 0xff182344,
    0xff111f44, 0xff19264c, 0xff101e43, 0xff111f44, 0xff111f44, 0xff101e43,
    0xff0f1d41, 0xff0f1c3e, 0xff0f1c3e, 0xff0e1a3b, 0xff0d1938, 0xff0c1735,
    0xff0c1735, 0xff0c1732, 0xff0b1531, 0xff0b1531, 0xff0a122b, 0xff09122b,
    0xff081129, 0xff081129, 0xff081027, 0xff070f26, 0xff070f26, 0xff070f23,
    [13482] = 0x28, 0x20, 0x40, 0x180001, [13487] = 0xc00, [13492] = 0x23070f23,
    0xf25070f, 0x7102807, 0x2b071029, 0x132e0811, 0xb153109, 0x350b1633,
    0x18370c17, 0xe193b0d, 0x3e0f1a3b, 0x344c1821, 0x1722442d, 0x44131e40,
    0x213b212a, 0x101b3c19, 0x3b0f1c3e, 0x19380e1a, 0xc18360d, 0x320c1835,
    0x142e0b16, 0x9122c0a, 0x2908112b, 0x10270811, 0x70f2607, 0x28070f26,
    0x152b0710, 0xa132b0d, 0x3109132e, 0x16340b15, 0xc17370b, 0x3e0e193b,
    0x1c400f1b, 0x111d4210, 0x6a151e3d, 0x9ca45c5f, 0x39415c9a, 0x80222d51,
    0x69717778, 0x1f273e68, 0x44121f45, 0x1e42111e, 0xf1c4010, 0x380d1a3b,
    0x18350d19, 0xb16330d, 0x2d11192e, 0x132b0e16, 0x8112a09, 0x2b08112a,
    0x4e580912, 0x3e43514a, 0x390d1734, 0x1b3e0d19, 0x101d420f, 0x4b111f46,
    0x234f1321, 0x16224714, 0xc063656f, 0xb5bbb7b8, 0x72747eb5, 0xab4b4e5c,
    0xa0a9a1a3, 0x72737a9f, 0x521a2444, 0x234e1524, 0x13214b13, 0x42122048,
    0x1c3e101e, 0x141d370f, 0x544d515a, 0x142f4145, 0xa142e0a, 0x2e08112b,
    0x737b1018, 0x66696e70, 0x40161f36, 0x1f46101c, 0x13214b11, 0x54152450,
    0x24501626, 0x44495b16, 0xa5b2b4bf, 0x838d9698, 0x95979e82, 0x966e7077,
    0x5c64888b, 0x93959c59, 0x4f505461, 0x27571926, 0x16265517, 0x4d142450,
    0x22451423, 0x1f263516, 0x726e7179, 0x17356266, 0xb16310c, 0x3c0b142f,
    0x767d282d, 0x51535972, 0x432a2c35, 0x25521a24, 0x18275816, 0x5d1a2a5d,
    0x4c601a2a, 0xafb0b847, 0x6ca2a4af, 0x616e5a5d, 0x595b675d, 0x4d59595f,
    0x35394648, 0x4e505635, 0x5e91939b, 0x2b5a5355, 0x1b2d621c, 0x57192a5c,
    0x293e1728, 0x2c2d3122, 0x7b57595e, 0x253c7074, 0xd18381e, 0x640e1834,
    0x8d955357, 0x4d4f538a, 0x3937383c, 0x2857282c, 0x1b2c601a, 0x4f1c2d64,
    0xa5b12a33, 0xb7b8c5a4, 0x52565964, 0x5b654648, 0x56586258, 0x3749494f,
    0x66693031, 0x43434766, 0x996f7076, 0x42548f91, 0x1d2f643c, 0x4d1e3167,
    0x2d33212d, 0x37393d2a, 0x97515358, 0x47598d90, 0xf1c3e41, 0x4d0e1a3b,
    0x6878252f, 0x6b6e7563, 0x35424346, 0x2d3d3131, 0x202f5d29, 0xa0323c5d,
    0xb2c09193, 0x7d8190b0, 0x794e5058, 0x838b686b, 0x64677280, 0x92434447,
    0xb7b79291, 0x9b9b9db8, 0x764a4c50, 0x828a6c6e, 0x373e5480, 0x33232d50,
    0x3035282a, 0x4445492f, 0x7f6d6f77, 0x2f545f69, 0x111f4522, 0x460f1c40,
    0x2952111f, 0x4950691b, 0x416b6d71, 0x292d3c3d, 0x20232f28, 0xbd61636c,
    0x7990afb1, 0x5b5f7176, 0x68323542, 0x9ba0565a, 0x7779869a, 0x9e494a4e,
    0x9a9a9e9e, 0x7a7a7a9a, 0x4b36373d, 0x65684546, 0x40414464, 0x2c212228,
    0x3d422728, 0x6c6e723b, 0x5a434d6b, 0x24521d2d, 0x13214b15, 0x4e111f45,
    0x26551422, 0x1b2b5f17, 0x723c476a, 0x3b3f6568, 0x2424283a, 0x4526272a,
    0x4b5e383a, 0x3d424d48, 0x371d2132, 0x43462529, 0x47474c43, 0x4a303032,
    0x38374848, 0x37363539, 0x3a4c4c4f, 0x1a1b3637, 0x1a1b1c19, 0x3e212125,
    0x6572393a, 0x38477662, 0x631d3169, 0x29581b2e, 0x16265317, 0x5313214b,
    0x2a5d1625, 0x1c2e6619, 0x67223570, 0x5f623441, 0x3a3b405e, 0x20212020,
    0x161b1d1d, 0x474b5a15, 0x3687898e, 0x5083334, 0x1a1b2105, 0x9242221,
    0x10100808, 0x7a7a7910, 0x39929293, 0x171a3939, 0x1b1b1d17, 0x6538393d,
    0x3d605e5f, 0x253a7c33, 0x6a203573, 0x2c601d31, 0x1729591a, 0x59152451,
    0x2d631828, 0x1f336e1b, 0x70233469, 0x9fac545a, 0x6667709d, 0x1f424347,
    0x28311c1c, 0x4b506125, 0x1c3b434b, 0x192c1416, 0x56565d15, 0x447e7d7c,
    0x1f1e4b49, 0x36353320, 0x748a8a88, 0x1d1f7272, 0x3b3c3f1d, 0x7a4e4e52,
    0x6a737777, 0x26366667, 0x6f23397b, 0x30671f33, 0x1a2b5e1c, 0x5d162655,
    0x3068192a, 0x2135741d, 0xbb4a5680, 0x7f8dadaf, 0x50556d7c, 0x45616271,
    0x1f284242, 0x2629351c, 0x36070911, 0x485d1820, 0x80808443, 0x82b2b1ae,
    0x69648886, 0x2826236a, 0x5a333232, 0x40445f5d, 0x4a4b4e3f, 0x3d323336,
    0x8c8f3a3a, 0x565c728b, 0x78253c81, 0x326c2237, 0x1b2d631e, 0x61182859,
    0x336e1b2c, 0x2237781f, 0xa2606d99, 0x49628f91, 0x575b7442, 0x6560637f,
    0x2f325557, 0x1619262e, 0x44404960, 0x4a62272f, 0x4b4f6143, 0x806c6e73,
    0x605b8180, 0x807e7a63, 0x395c5a56, 0x494c3536, 0x49494d49, 0x2e3a3a3a,
    0x4c4d2b2b, 0x78819d4b, 0x7c273e86, 0x336f2439, 0x1c2f651f, 0x6318295a,
    0x34721b2e, 0x23387b20, 0xa0536399, 0x48608b8d, 0x52586f41, 0x8660637f,
    0x545e6168, 0x333a484b, 0x82414858, 0x7c887a7c, 0x50546379, 0x8c717378,
    0xbebc8f8e, 0x757470bf, 0x617f7e7b, 0x5e63595b, 0x4c4c505c, 0x2c3a3a3a,
    0x53572c2c, 0x6e799b53, 0x7f273f87, 0x3573253a, 0x1d316a20, 0x6619295c,
    0x35731c2f, 0x24397c20, 0xab31478b, 0x83977783, 0x585d727e, 0x815e627d,
    0x37466164, 0x313c5933, 0x9b72858f, 0x75808692, 0x94969971, 0xa6b0afad,
    0xb6b2aba9, 0xd6d4d1b8, 0x6880807f, 0x686d6b6a, 0x56565867, 0x593c3d40,
    0x87a65354, 0x3c539b7a, 0x8329428d, 0x3677263d, 0x1e326c22, 0x681a2b5e,
    0x35731d2f, 0x243b7f20, 0x9629418b, 0x87a43149, 0x858a9e7f, 0x81555972,
    0x3a496164, 0x38425536, 0x8971818e, 0xcacb687e, 0xcac9c8c8, 0xc2d3d3d0,
    0xc3c0c8c6, 0xc1bfbbc4, 0x78959491, 0x65697576, 0x57575a65, 0x94505152,
    0x56a28185, 0x2e47993e, 0x8329428d, 0x3676263d, 0x1e326d21, 0x671a2b5f,
    0x35741d2f, 0x253b7f21, 0x9729418b, 0x8f9a2d46, 0x979aa88d, 0x7d4f536a,
    0x36435e62, 0x4e596531, 0xb3717d8d, 0xe5e59eac, 0xd9d8d7e5, 0xd0efefed,
    0xedecd5d3, 0xc5c4c0ed, 0x74bebcb9, 0x60647273, 0x5051525f, 0x805d5e60,
    0x46877e7e, 0x2e489b32, 0x842a428e, 0x3677263e, 0x1e326c22, 0x661a2a5d,
    0x35721c2f, 0x24397c20, 0x97284089, 0x9da92d46, 0x9ca1ab9b, 0x5e4d5166,
    0x2c35484c, 0x4d606e25, 0xab768693, 0xb5b796a4, 0xdbdad9ab, 0xcaf5f5f4,
    0xe3e0d0ce, 0xd9d7d4e4, 0x88c1beba, 0x55578a8a, 0x4d4e5155, 0x83616264,
    0x53997f80, 0x2d47973d, 0x842a428e, 0x3676263e, 0x1e326b21, 0x6419295b,
    0x34711c2e, 0x23387b20, 0x90283f88, 0x8da12a43, 0x9ca2a986, 0x353e4150,
    0x424c2c2e, 0x4b677434, 0xa37e969e, 0xc0bf879c, 0xdfdedcbf, 0xd7f4f4f3,
    0xc6c1dcda, 0xe0dedbc7, 0xacc7c6c2, 0x555ab0af, 0x3e3e4254, 0x80707073,
    0x4f9a7c7c, 0x2c459337, 0x7f29418b, 0x3574253b, 0x1d316920, 0x60172858,
    0x326d1a2c, 0x2237781f, 0x8e263d83, 0x7b9c2a42, 0x898c9270, 0x31434751,
    0x3b48282b, 0x4a63722f, 0xa78099a0, 0xd1d097a2, 0xdfdddad1, 0xd9edecea,
    0xc6c0dedc, 0xd6d4d0c8, 0xacc9c8c4, 0x5f64b2b1, 0x5353555e, 0x836d6e71,
    0x499b7274, 0x2b44912f, 0x7b273e86, 0x336f2338, 0x1c2e651f, 0x5b152554,
    0x3069192a, 0x2034721d, 0x86243a7d, 0x5171283f, 0x61636a48, 0x1c343842,
    0x3a441315, 0x4764712d, 0xb1788c97, 0xd9d7a5ad, 0xe5e4e2da, 0xd8eae9e8,
    0xd2cddddb, 0xcbc9c4d4, 0xacd2d0cc, 0x3036b0af, 0x4f535a2e, 0x65707378,
    0x45944c59, 0x29418b2c, 0x76263c81, 0x316a2236, 0x1a2c611e, 0x57142450,
    0x2d631727, 0x1e326c1b, 0x68223776, 0x55622939, 0x383d4a51, 0x2f202632,
    0x464d2528, 0x536b7839, 0xb26b7a88, 0xe1dfabb0, 0xf1f0efe1, 0xdbf2f1f0,
    0xd3cee0de, 0xc9c7c1d5, 0xafd0ceca, 0x4146b3b2, 0x2f323a3f, 0x6d54585f,
    0x3a786163, 0x273e8526, 0x71233879, 0x2e642034, 0x19295b1b, 0x52132149,
    0x2a5c1525, 0x1c2f6419, 0x652d3a5e, 0x333e5057, 0x2027322d, 0x6d454a55,
    0x252c6466, 0x40516023, 0xb25a6d7b, 0xe5e3aaae, 0xf6f5f5e6, 0xd2f5f5f4,
    0xb6b1d8d6, 0xb7b6b1b8, 0x70c1bfbc, 0x9193706f, 0x52575d90, 0x502b2f38,
    0x637b4548, 0x2d3f775c, 0x69203573, 0x2a5d1d31, 0x17275519, 0x4d111e44,
    0x27541422, 0x222e5116, 0x4b4d515f, 0x2934383f, 0x3e434f22, 0x4863666d,
    0x23273f41, 0x38495422, 0xa2556a77, 0xe2e0969b, 0xf1f1f0e3, 0xbcecebe9,
    0x6260c3c1, 0xb0aeab64, 0x4bb5b4b1, 0x494b4b4a, 0x82838849, 0x374c5059,
    0x59602b2e, 0x565e7256, 0x611f3165, 0x27561c2e, 0x15245017, 0x450f1b3d,
    0x2a49111f, 0x43485a20, 0x37272b38, 0x48592329, 0x6e778840, 0x2c4c4d51,
    0x25282929, 0x36475025, 0x8b546a79, 0xbabd7880, 0xd8d7d5b9, 0xb9d5d3d0,
    0xb8b4bfbd, 0xc7c7c4b9, 0x41a4a3a0, 0x2b2f3e3f, 0x3435382b, 0x627b818e,
    0x30385256, 0x383e472a, 0x584a5167, 0x234e1c2c, 0x12204714, 0x3e0d1939,
    0x3e50101c, 0x30354539, 0x47212833, 0x4065363b, 0x2e3f7434, 0x58606886,
    0x1d1f5051, 0x272a2e1c, 0x904d6574, 0xc3c27e87, 0xc7c7c7c2, 0xcac8c8c6,
    0xd8d6d0ce, 0xd5d4d2d9, 0x2f807f80, 0x40422d2d, 0x656a7a3f, 0x773b4c7f,
    0x434f5059, 0x2b30393e, 0x58454a55, 0x20493941, 0x101e4112, 0x3b0c1734,
    0x46551e24, 0x242a3640, 0x5b292f3b, 0x2b5c4348, 0x1b2e631a, 0x7b21346d,
    0x57624353, 0x23232553, 0x96434c57, 0xd1d0848c, 0xe0dfded1, 0xe5dfdfdd,
    0xe8e6e6e6, 0xcececce8, 0x56424343, 0x67884c4e, 0x293c765c, 0x621e326c,
    0x626c1e2f, 0x32363f5d, 0x6530353e, 0x2142555a, 0xe1a3b15, 0x450b152f,
    0x333e2d35, 0x3338452c, 0x55434959, 0x26553039, 0x192a5c16, 0x691b2d62,
    0x3e6c1d30, 0x4248592f, 0x8e3e434b, 0xd1d48085, 0xf0f0efd0, 0xedf1f1f1,
    0xe6e5eeee, 0xafaeaee7, 0x81595b65, 0x346d4c59, 0x1c2f6722, 0x591a2c60,
    0x4e691829, 0x555d6d45, 0x533e424c, 0x33474348, 0xc173629, 0x4d0b142a,
    0x384a373c, 0x27314830, 0x41131e40, 0x2048101d, 0x28355912, 0x6634436a,
    0x2b5c2d3c, 0x1b2c5f1a, 0x853b435b, 0xcfd0767a, 0xf2f2f2cf, 0xeff8f8f8,
    0xdeddf0f0, 0x878c98de, 0x62283866, 0x3d6c1b2d, 0x37456d2e, 0x4e2c3b62,
    0x20481423, 0x16224412, 0x5b3b435c, 0x465a4349, 0xa153040, 0x31081027,
    0x1731131b, 0xb15310e, 0x3b0c1835, 0x20430e1b, 0x30395613, 0x672f3c61,
    0x27543342, 0x17275618, 0x611a2956, 0xc4c7434a, 0xededecc3, 0xf3f9f9f9,
    0xadb6f3f3, 0x2e3c63aa, 0x57182859, 0x436a1728, 0x303e6334, 0x482f3d63,
    0x1c3e1422, 0xe1a3a0f, 0x380d1836, 0x213b141d, 0x8122b18, 0x25070f23,
    0xf27070f, 0x9122c07, 0x320a142f, 0x17350b15, 0xd19390c, 0x46253153,
    0x1e441522, 0x13204a11, 0x4d13234e, 0x31511422, 0x49546d26, 0x60565e73,
    0x244c3b44, 0x14224d16, 0x4913214b, 0x234a1321, 0x26325316, 0x390f1b3e,
    0x18360d19, 0xb16340d, 0x2b0a142e, 0x10280912, 0x7102707, 0x23070f23,
    0xf24070f, 0x70f2607, 0x2d08122b, 0x14300913, 0xb16320a, 0x390d1938,
    0x1b3d0d19, 0xf1c3f0f, 0x43101d42, 0x1e44111e, 0x14214611, 0x48132147,
    0x1f461321, 0x111f4411, 0x3f0f1d42, 0x1a3b0f1c, 0xe19390e, 0x320c1835,
    0x14300b16, 0x9132d0b, 0x2808112a, 0xf260810, 0x70f2507, [14292] = 0x28,
    0x18, 0x30, 0x200001, [14297] = 0x960, [14302] = 0xff070f23, 0xff070f24,
    0xff071028, 0xff081029, 0xff09122d, 0xff0b1532, 0xff0c1634, 0xff0d1837,
    0xff0f1a3c, 0xff0f1a3b, 0xff31374b, 0xff202a49, 0xff182344, 0xff2a3042,
    0xff111c3b, 0xff101c3f, 0xff0e1a3a, 0xff0d1837, 0xff0c1836, 0xff0b1631,
    0xff09132d, 0xff08122b, 0xff081029, 0xff070f27, 0xff081029, 0xff141b30,
    0xff22293c, 0xff0b1532, 0xff0c1837, 0xff0e1a3c, 0xff101c41, 0xff121f46,
    0xff132048, 0xff3b3f4f, 0xffb9bac2, 0xff676a7a, 0xff3e445d, 0xffacadb2,
    0xff50535d, 0xff132048, 0xff13214a, 0xff111f46, 0xff0f1d40, 0xff0e1a3a,
    0xff0e1937, 0xff2f3441, 0xff0f1730, 0xff09132d, 0xff08122c, 0xff383e4c,
    0xff6e7177, 0xff131d38, 0xff111d42, 0xff122049, 0xff14234f, 0xff172656,
    0xff30374f, 0xffb0b2be, 0xff868793, 0xff9b9da5, 0xff7c7e86, 0xff6c6f78,
    0xff91929a, 0xff3b4153, 0xff172757, 0xff162654, 0xff14234f, 0xff132149,
    0xff1d2438, 0xff757880, 0xff2b3349, 0xff0b1531, 0xff0c1631, 0xff585b62,
    0xff565960, 0xff2a2d37, 0xff17244c, 0xff182858, 0xff1b2b5f, 0xff263055,
    0xffabacb5, 0xff8d8f9c, 0xff4f535f, 0xff5c5f6a, 0xff5a5c62, 0xff323337,
    0xff424348, 0xff8e9099, 0xff31384f, 0xff1b2e64, 0xff192b5e, 0xff1c284c,
    0xff2d2e32, 0xff5c5f64, 0xff4d515d, 0xff0d1939, 0xff0e1938, 0xff7d808b,
    0xff626469, 0xff3a3b3e, 0xff282c3c, 0xff1e2e63, 0xff202e5a, 0xff999aa5,
    0xffa3a5b2, 0xff4d4f57, 0xff666974, 0xff5c5f6a, 0xff3d3e43, 0xff919090,
    0xff7d7d80, 0xff636569, 0xff86878e, 0xff283459, 0xff22315f, 0xff2a2b31,
    0xff383a3f, 0xff67696f, 0xff717887, 0xff101e43, 0xff0f1c40, 0xff132149,
    0xff4c536c, 0xff5d5f62, 0xff2d2e32, 0xff232734, 0xff6f717c, 0xff9ea0b2,
    0xff63687b, 0xff3e4150, 0xff72747d, 0xff838691, 0xff4d4e52, 0xffafafae,
    0xff858585, 0xff3c3d42, 0xff585a5e, 0xff4f5054, 0xff23242a, 0xff2c2d32,
    0xff5f6166, 0xff47516c, 0xff162755, 0xff13214a, 0xff122047, 0xff162452,
    0xff1a2b5f, 0xff3d496c, 0xff595a61, 0xff27272a, 0xff262629, 0xff3b3d4b,
    0xff424652, 0xff232839, 0xff222328, 0xff4a4b50, 0xff323233, 0xff353534,
    0xff373636, 0xff5f5f61, 0xff1e1f22, 0xff1a1a1c, 0xff242428, 0xff56585f,
    0xff3a4877, 0xff1d316a, 0xff192b5e, 0xff162754, 0xff14234f, 0xff19295b,
    0xff1d3068, 0xff20336e, 0xff5e6373, 0xff606165, 0xff29292a, 0xff111115,
    0xff3e4354, 0xff797e83, 0xff0b0b0f, 0xff1f1f25, 0xff343332, 0xff0e0e0d,
    0xff62625f, 0xff929291, 0xff262628, 0xff242426, 0xff525357, 0xff666870,
    0xff223571, 0xff213676, 0xff1d3068, 0xff192b5d, 0xff162656, 0xff1b2d61,
    0xff203472, 0xff4e587c, 0xffb0b1bb, 0xff51556e, 0xff5f5f69, 0xff222326,
    0xff2f3343, 0xff080b12, 0xff282f48, 0xff74757e, 0xffb0afac, 0xff75736e,
    0xff262523, 0xff4b4a49, 0xff4b4b4c, 0xff4b4c50, 0xff323235, 0xff6f7072,
    0xff5a6073, 0xff253b7f, 0xff203471, 0xff1b2e63, 0xff18295a, 0xff1d3068,
    0xff223777, 0xff737da2, 0xff585e77, 0xff545971, 0xff5f637e, 0xff48494f,
    0xff1e202d, 0xff414a5f, 0xff3b4257, 0xff4b4e61, 0xff696a6e, 0xff888784,
    0xff716f6b, 0xff5b5956, 0xff414348, 0xff4a4b4f, 0xff38383a, 0xff2a292a,
    0xff7b8297, 0xff273e86, 0xff213675, 0xff1d3067, 0xff192a5d, 0xff1e316b,
    0xff23387b, 0xff526398, 0xff7f8396, 0xff4d5269, 0xff616480, 0xff596178,
    0xff323b4d, 0xff5a6470, 0xff9599a1, 0xff676a73, 0xff909193, 0xffb3b1ad,
    0xffb3b1ae, 0xff747471, 0xff686a6f, 0xff545558, 0xff373839, 0xff4e5053,
    0xff6473a1, 0xff284089, 0xff24397c, 0xff1e326c, 0xff1a2b5f, 0xff1f326e,
    0xff243a7d, 0xff29428d, 0xff57679d, 0xff8b8ea0, 0xff5a5e78, 0xff494c60,
    0xff363f55, 0xff71838f, 0xff8f9da4, 0xffc1c1c2, 0xffc7c6c3, 0xffcbc9c7,
    0xffbdbbb7, 0xff8a8985, 0xff707175, 0xff595a5c, 0xff545557, 0xff6f7ca4,
    0xff2e489a, 0xff29418c, 0xff243a7d, 0xff1f326e, 0xff1b2b5f, 0xff1f326e,
    0xff243a7d, 0xff29428d, 0xff586795, 0xff9fa1af, 0xff51566d, 0xff474c60,
    0xff454f5a, 0xff717f8e, 0xffd2d8d9, 0xffd4d3d2, 0xffe9e8e6, 0xffe5e4e2,
    0xffcdcbc7, 0xffb8b6b3, 0xff5e5f63, 0xff525255, 0xff6c6c6e, 0xff575f7a,
    0xff2f499c, 0xff29428d, 0xff243a7e, 0xff1e326d, 0xff1a2a5d, 0xff1e326c,
    0xff23387b, 0xff29418b, 0xff576698, 0xffa2a7ad, 0xff474b5e, 0xff262830,
    0xff4a6473, 0xff7d929b, 0xff92a1a7, 0xffd9d8d6, 0xfff4f4f3, 0xffcac8c4,
    0xffe1dfdc, 0xffc2c0bc, 0xff6e6e6e, 0xff49494d, 0xff767779, 0xff566186,
    0xff2d4696, 0xff29418c, 0xff23397c, 0xff1e326c, 0xff182959, 0xff1d3067,
    0xff223676, 0xff273e85, 0xff445895, 0xff91949a, 0xff41444d, 0xff21262f,
    0xff486270, 0xff8099a0, 0xffb7babc, 0xffdddbd8, 0xffecebe9, 0xffd2d0cb,
    0xffd3d1cd, 0xffc5c3c0, 0xff888889, 0xff535456, 0xff78797b, 0xff4a598b,
    0xff2b4492, 0xff273e85, 0xff223677, 0xff1c2f66, 0xff162654, 0xff1b2c61,
    0xff203470, 0xff253b7f, 0xff2f4178, 0xff5f626a, 0xff2a2e39, 0xff181c22,
    0xff486371, 0xff788c96, 0xffcbcbca, 0xffe5e4e2, 0xffe9e8e6, 0xffdbd9d5,
    0xffcac7c2, 0xffceccc8, 0xff6a6a6b, 0xff41454c, 0xff6e7074, 0xff34497a,
    0xff29428c, 0xff253b80, 0xff203370, 0xff1a2c61, 0xff14234e, 0xff18295a,
    0xff1d3169, 0xff243568, 0xff4d525f, 0xff292f3b, 0xff2e333f, 0xff414247,
    0xff495d6c, 0xff667685, 0xffd3d3d0, 0xfff3f3f2, 0xfff4f3f2, 0xffd3d1cd,
    0xffc5c3bd, 0xffc7c5c2, 0xff8a8b8c, 0xff393c43, 0xff3f434b, 0xff575c70,
    0xff263b7d, 0xff213575, 0xff1d3068, 0xff18295a, 0xff111f46, 0xff152551,
    0xff1e2c55, 0xff4d525f, 0xff28303b, 0xff323743, 0xff64676e, 0xff2e2f34,
    0xff313d47, 0xff5a6b78, 0xffcacacb, 0xfff1f0ef, 0xffebeae8, 0xff898783,
    0xffaba9a6, 0xffabaaa7, 0xff373638, 0xff808186, 0xff3d414a, 0xff404248,
    0xff575f76, 0xff1e3167, 0xff1a2b5c, 0xff152551, 0xff0f1c3e, 0xff152145,
    0xff3f4456, 0xff242937, 0xff323745, 0xff5f6a81, 0xff4f4f51, 0xff26262a,
    0xff2f3b42, 0xff546a79, 0xff9a9da5, 0xffd2d1cf, 0xffcfcdca, 0xffbcbab7,
    0xffc9c8c5, 0xff908e8c, 0xff2d2e32, 0xff353638, 0xff737a8b, 0xff3e424a,
    0xff313740, 0xff444c64, 0xff152552, 0xff122047, 0xff0d1837, 0xff30364d,
    0xff2c313d, 0xff252b36, 0xff39435f, 0xff1d306a, 0xff415081, 0xff52555b,
    0xff1c1c1d, 0xff4e5e6b, 0xffb2b4b6, 0xffd1d1d0, 0xffd2d2d0, 0xffe2e2e0,
    0xffd8d8d7, 0xff4f5052, 0xff4b4c50, 0xff545f84, 0xff213573, 0xff50576f,
    0xff2e323b, 0xff41464f, 0xff2d3753, 0xff0f1c3f, 0xff0c162f, 0xff373f4b,
    0xff2c323e, 0xff3e4555, 0xff233056, 0xff192a5b, 0xff1c2e64, 0xff27396f,
    0xff424758, 0xff444b55, 0xffacafb4, 0xffedeceb, 0xffefefef, 0xffebebea,
    0xffc0bfbe, 0xff565862, 0xff3b4b7b, 0xff1d316a, 0xff1a2c61, 0xff313f64,
    0xff4f5564, 0xff353a43, 0xff444a59, 0xff0d1837, 0xff0d152b, 0xff393f51,
    0xff212c43, 0xff111d3e, 0xff111e43, 0xff223055, 0xff344369, 0xff20305e,
    0xff1a2b5f, 0xff39425c, 0xffa6a7ac, 0xffefefee, 0xfff7f7f7, 0xffeaeae9,
    0xff8d919e, 0xff223364, 0xff203063, 0xff37456d, 0xff27365d, 0xff13214a,
    0xff132042, 0xff313954, 0xff4b5162, 0xff0a1530, 0xff070f25, 0xff071027,
    0xff0a132e, 0xff0b1632, 0xff0d1939, 0xff1f2947, 0xff2f3c5d, 0xff1d2b51,
    0xff152450, 0xff152553, 0xff474f69, 0xffa4a8b0, 0xffb8bbc2, 0xff848898,
    0xff1b2b55, 0xff152552, 0xff1d2d56, 0xff303d60, 0xff1d2b50, 0xff0e1b3c,
    0xff0d1837, 0xff0b1531, 0xff09132d, 0xff081029, 0xff070f23, 0xff070f24,
    0xff070f26, 0xff09122c, 0xff0a142f, 0xff0b1633, 0xff0e1939, 0xff0f1b3d,
    0xff0f1c40, 0xff111e43, 0xff111f45, 0xff132147, 0xff142249, 0xff112047,
    0xff111f45, 0xff101e42, 0xff0f1b3e, 0xff0f1a3b, 0xff0c1836, 0xff0b1633,
    0xff0a132e, 0xff08112a, 0xff071028, 0xff070f26, [14902] = 0x28, 0x10,
    0x20, 0x200001, [14907] = 0x440, [14912] = 0xff070f25, 0xff091229, 0xff09122d,
    0xff0b1532, 0xff0d1838, 0xff0f1a3d, 0xff262e48, 0xff464d64, 0xff333b55,
    0xff2c3349, 0xff101d41, 0xff0e1b3c, 0xff0c1837, 0xff0b1531, 0xff0b142c,
    0xff081129, 0xff0a132c, 0xff575b64, 0xff101b39, 0xff111e44, 0xff14224d,
    0xff212d50, 0xff989aa5, 0xff8f9199, 0xff797b85, 0xff7f8189, 0xff263151,
    0xff152451, 0xff13214a, 0xff16203c, 0xff585b66, 0xff0b1531, 0xff252c41,
    0xff676970, 0xff292d3b, 0xff192858, 0xff1e2d5c, 0xff9496a4, 0xff666974,
    0xff595c67, 0xff46474d, 0xff4b4c50, 0xff787a82, 0xff24325d, 0xff1c2c5a,
    0xff2c2f38, 0xff6a6c72, 0xff1f2843, 0xff152143, 0xff4d546a, 0xff46474b,
    0xff242a3e, 0xff75798a, 0xff7f8394, 0xff50525f, 0xff7d7f89, 0xff6f6f71,
    0xff9a9a9a, 0xff4c4e53, 0xff575a63, 0xff252836, 0xff47484d, 0xff4b556f,
    0xff17254d, 0xff13224c, 0xff1a2a5e, 0xff3e496d, 0xff3e3e42, 0xff27272c,
    0xff383b48, 0xff3f424b, 0xff2a2b2f, 0xff292929, 0xff3f3e3d, 0xff535355,
    0xff191a1c, 0xff3c3d41, 0xff3c4971, 0xff1d316a, 0xff172959, 0xff172757,
    0xff1e316b, 0xff5b6585, 0xff747786, 0xff404147, 0xff2d303c, 0xff1c202b,
    0xff4b4e5b, 0xff817f7c, 0xff3a3936, 0xff646362, 0xff38393c, 0xff4c4d50,
    0xff5b6277, 0xff223779, 0xff1c2e65, 0xff192b5e, 0xff213675, 0xff737c9d,
    0xff4b5169, 0xff5e617a, 0xff313540, 0xff484f60, 0xff565a6c, 0xff7b7c7d,
    0xff868480, 0xff5a5a5b, 0xff4f4f53, 0xff333334, 0xff616677, 0xff263c82,
    0xff1e326c, 0xff1b2c62, 0xff223778, 0xff405596, 0xff777c93, 0xff5e617c,
    0xff353c4f, 0xff748690, 0xffa6a8ab, 0xffbdbcb9, 0xffc5c3bf, 0xff7d7d7c,
    0xff5e5f62, 0xff585a60, 0xff485e9f, 0xff284088, 0xff203471, 0xff1b2d62,
    0xff223878, 0xff2b4391, 0xff979aa6, 0xff50546b, 0xff3c4753, 0xff87959f,
    0xffd1d3d3, 0xffe2e1df, 0xffdcdbd8, 0xff9f9e9c, 0xff545558, 0xff6f6f72,
    0xff334a95, 0xff284089, 0xff203471, 0xff192b5d, 0xff213574, 0xff29408a,
    0xff878d9e, 0xff353842, 0xff3e525f, 0xff879ba2, 0xffd4d3d1, 0xffe7e5e3,
    0xffd1cfcb, 0xffbdbbb8, 0xff515155, 0xff737479, 0xff2f4896, 0xff263c83,
    0xff1e326c, 0xff162656, 0xff1e316a, 0xff263a79, 0xff4c5262, 0xff232730,
    0xff40535f, 0xff8d99a0, 0xffe4e4e2, 0xffe6e5e3, 0xffcfcdc8, 0xffc1c0bc,
    0xff3b3e44, 0xff5c626a, 0xff283f87, 0xff233879, 0xff1b2d63, 0xff13224b,
    0xff1b2b59, 0xff41485b, 0xff2b313d, 0xff53565e, 0xff2f3842, 0xff7c8892,
    0xffecebea, 0xffdfdedb, 0xffa19f9b, 0xff8c8b8a, 0xff6b6d71, 0xff3a3d46,
    0xff4e5671, 0xff1e3169, 0xff172756, 0xff0f1c3e, 0xff333a4e, 0xff282e3a,
    0xff44506e, 0xff494c57, 0xff282d31, 0xff667582, 0xffc6c7c7, 0xffcbc9c6,
    0xffcccbc8, 0xff646464, 0xff414249, 0xff565f7a, 0xff333842, 0xff39425b,
    0xff122048, 0xff182139, 0xff313743, 0xff383e51, 0xff192a5c, 0xff27396d,
    0xff3a4053, 0xff616871, 0xffdcdcdc, 0xffe9e9e8, 0xffd3d2d1, 0xff4d5160,
    0xff314274, 0xff1c2d62, 0xff4a5160, 0xff424651, 0xff16213e, 0xff171f34,
    0xff1c253d, 0xff0f1c3c, 0xff1f2b4e, 0xff313f66, 0xff192959, 0xff434c66,
    0xffdcdcdd, 0xfff5f5f5, 0xff8f95a4, 0xff1c2d5e, 0xff324169, 0xff212f57,
    0xff111e41, 0xff283049, 0xff1b233c, 0xff070f23, 0xff071027, 0xff0a132e,
    0xff0c1734, 0xff152142, 0xff101d43, 0xff122048, 0xff253152, 0xff2e3959,
    0xff132149, 0xff111f45, 0xff162244, 0xff0d1937, 0xff0b1532, 0xff09122b,
    0xff071027, [15184] = 0x10000, 0x3030000c, 0x10010, 0x6680004, 0xd0000,
    0x102020, 0x40001, 0x2e8, 0x1818000e, 0x10010, 0x1e80004,
    0xf0000, 0x101010, 0x40001, 0x128, 0x30300010, 0x10000,
    0xea80008, 0x110000, 0x2020, 0x80001, 0x8a8, 0x18180012,
    0x10000, 0x6c80008, 0x130000, 0x1010, 0x80001, 0x568,
    0x30300014, 0x10000, 0x25a80020, 0x150000, 0x2020, 0x180001,
    0xca8, 0x18180016, 0x10000, 0x9880020, 0x170000, 0x1010,
    0x200001, 0x468, 0x18,
};
